BHK,Rent,Size,Area Type,City,Furnishing Status,Bathroom
2,10000,1100,1,1,1,2
2,20000,800,1,1,2,1
2,17000,1000,1,1,2,1
2,10000,800,1,1,1,1
2,7500,850,2,1,1,1
2,7000,600,1,1,1,2
2,10000,700,1,1,1,2
1,5000,250,1,1,1,1
2,26000,800,2,1,1,2
2,10000,1000,2,1,2,2
3,25000,1200,2,1,2,2
1,5000,400,2,1,1,1
1,6500,250,2,1,2,1
1,5500,375,2,1,1,1
3,8500,900,2,1,1,2
3,40000,1286,2,1,2,2
2,6000,600,1,1,2,1
2,10000,800,1,1,1,1
2,11000,2000,2,1,1,1
2,6000,660,1,1,1,1
2,7900,650,2,1,1,1
2,9000,400,2,1,1,2
1,4000,300,2,1,1,1
3,6500,1600,1,1,1,1
1,8000,400,1,1,2,1
2,7000,1000,1,1,1,1
1,5300,355,2,1,2,1
2,6000,1000,1,1,2,1
2,8500,800,1,1,1,1
2,12500,850,1,1,1,2
1,7500,350,2,1,1,1
2,15000,900,2,1,1,2
2,6000,550,1,1,2,1
2,5000,500,2,1,1,2
3,22000,1100,2,1,1,1
2,15000,850,2,1,2,1
2,12500,800,2,1,1,1
2,7000,630,2,1,1,1
2,21000,900,2,1,2,2
1,10000,270,2,1,2,1
2,7200,630,2,1,2,1
3,12000,1500,2,1,2,2
1,5000,600,1,1,1,1
2,8500,700,2,1,2,1
1,6000,300,1,1,2,1
2,10000,1300,1,1,2,2
2,4600,400,2,1,2,1
2,12000,650,1,1,1,2
3,30000,2000,1,1,2,2
3,15000,1068,1,1,2,2
1,7500,150,1,1,2,1
1,7500,450,2,1,1,1
2,5000,800,2,1,1,1
2,15000,1000,1,1,1,2
2,11000,900,1,1,2,1
1,7000,600,2,1,1,1
2,6000,1200,1,1,1,1
2,6000,1200,1,1,2,2
2,7000,650,1,1,2,2
2,8500,720,2,1,2,2
1,5000,300,2,1,1,1
3,30000,1200,2,1,1,3
2,10000,700,2,1,1,2
3,30000,2000,1,1,2,2
1,3500,250,1,1,2,1
2,8000,1100,2,1,1,1
1,5000,300,2,1,1,1
2,7500,600,1,1,2,1
2,6500,800,2,1,1,1
1,7500,680,1,1,1,1
1,7500,680,1,1,1,1
2,16000,850,2,1,2,1
2,16000,850,2,1,2,1
2,6500,700,1,1,1,1
3,40000,1500,1,1,1,2
2,12500,950,1,1,2,2
2,5500,500,1,1,1,1
1,5000,450,2,1,2,1
2,6500,700,1,1,1,1
1,8000,500,1,1,1,1
3,14500,1800,1,1,2,2
1,8200,500,2,1,2,1
2,15000,480,2,1,2,2
2,6700,800,1,1,2,1
1,10000,435,1,1,1,1
2,7000,700,2,1,2,2
2,22000,800,1,1,2,1
2,6500,450,1,1,1,1
2,8500,550,2,1,2,1
2,18000,800,2,1,1,2
2,12000,550,2,1,2,2
1,9000,600,1,1,2,1
1,6000,500,1,1,1,1
2,20000,1000,1,1,2,2
1,5000,300,2,1,1,1
2,12000,1200,1,1,2,2
2,10000,500,2,1,2,1
4,18000,1200,1,1,1,2
2,15000,900,2,1,2,2
3,22000,1300,2,1,1,3
4,35000,1600,2,1,1,3
3,21000,1450,1,1,1,2
2,25000,1100,1,1,2,2
2,180000,950,2,1,1,2
1,6000,600,2,1,1,1
2,14000,700,2,1,1,2
3,8000,750,1,1,1,1
2,8000,1000,1,1,1,1
1,6000,220,1,1,2,1
1,8000,300,2,1,2,1
1,6000,300,2,1,1,1
1,20000,700,1,1,2,1
3,12000,800,1,1,1,2
3,15000,1600,1,1,1,2
2,14000,1000,2,1,1,2
1,5000,20,1,1,1,1
2,7000,400,2,1,1,1
1,3900,200,1,1,2,1
3,14000,840,2,1,1,2
1,6300,300,2,1,1,1
2,13000,550,2,1,2,2
1,6800,300,2,1,1,1
2,8000,800,1,1,1,2
2,10000,740,2,1,1,1
2,18000,1300,1,1,1,2
2,8000,650,1,1,2,1
2,8000,490,1,1,2,1
1,4700,250,1,1,2,1
1,4700,250,1,1,2,1
1,4500,450,1,1,1,1
1,6000,300,2,1,2,1
2,16000,750,1,1,1,2
1,4700,250,1,1,2,1
2,14000,751,2,1,1,1
2,9000,900,2,1,2,1
2,5000,400,2,1,2,1
2,17500,1000,2,1,2,2
2,8500,1000,2,1,1,1
3,15000,1500,2,1,2,2
2,12500,750,2,1,1,2
1,13000,1200,1,1,2,1
2,8000,700,1,1,1,1
2,8000,700,2,1,2,1
2,8000,1000,1,1,2,1
2,7000,1200,1,1,1,2
2,2200,550,1,1,2,1
2,8000,800,2,1,1,1
2,5500,280,1,1,1,1
3,20000,1100,1,1,1,3
2,7000,950,1,1,1,1
1,3500,250,1,1,2,1
2,5000,1000,2,1,1,1
3,20000,1000,2,1,2,2
2,7000,650,1,1,1,1
2,10000,700,1,1,1,2
2,7000,700,2,1,1,1
3,12000,1000,1,1,2,2
2,14500,900,2,1,1,2
1,6000,700,1,1,1,1
2,9500,700,1,1,1,2
2,10000,450,2,1,2,2
1,3500,120,1,1,1,1
2,9000,800,1,1,2,2
3,40000,1220,2,1,1,2
3,16500,1100,1,1,1,1
3,8000,700,2,1,1,2
2,12000,800,1,1,2,1
2,6500,670,1,1,1,1
4,40000,1300,1,1,1,3
1,5000,190,1,1,2,1
2,9000,700,1,1,2,1
1,7000,240,2,1,1,1
2,18000,850,2,1,2,1
1,9000,950,1,1,1,2
1,5500,450,2,1,2,1
2,7500,800,2,1,1,1
2,4000,600,2,1,1,1
3,10500,800,2,1,1,2
3,15000,1100,2,1,1,2
2,15000,800,2,1,2,1
1,50000,2200,1,1,2,3
2,12000,950,2,1,1,2
2,11000,550,2,1,1,1
2,12000,1800,2,1,1,2
2,8000,1000,1,1,2,1
2,18000,600,1,1,2,2
2,8000,750,2,1,2,2
2,7000,685,1,1,1,1
1,6500,44,2,1,2,1
4,13000,1200,2,1,1,1
2,9000,500,2,1,1,1
4,10000,1110,2,1,1,2
2,12000,1000,1,1,1,2
2,5000,392,1,1,1,1
2,6000,700,1,1,1,1
1,5200,750,1,1,1,1
3,15000,1500,1,1,1,2
2,9000,900,1,1,1,2
1,24000,710,1,1,2,1
1,5500,400,2,1,1,1
1,10000,700,2,1,1,1
2,15000,1000,2,1,2,1
1,4700,250,1,1,2,1
1,5000,500,2,1,2,1
2,5000,450,2,1,2,1
3,15000,1400,1,1,1,1
1,5000,500,2,1,2,1
2,6000,700,2,1,1,1
3,18000,1200,2,1,2,1
2,8000,450,2,1,1,1
1,13000,500,2,1,2,1
2,7500,400,2,1,1,1
3,12000,1000,1,1,1,2
2,11000,750,2,1,1,1
1,6000,450,1,1,1,1
3,20000,1000,2,1,1,2
2,7000,500,2,1,1,2
4,30000,1600,2,1,1,2
2,7500,550,2,1,1,1
1,6500,550,1,1,1,2
1,3000,200,1,1,1,1
2,5200,650,2,1,1,1
2,25000,1000,1,1,2,2
2,12500,680,2,1,1,2
2,8500,720,2,1,1,2
2,3500,500,2,1,1,1
2,7000,800,1,1,1,1
1,3000,160,1,1,1,1
2,14000,1200,2,1,1,2
1,18000,700,1,1,2,1
1,3500,1000,1,1,2,1
2,16000,1250,1,1,1,2
4,35000,1600,1,1,1,3
2,21000,700,1,1,2,1
1,4500,450,1,1,1,1
2,15000,839,1,1,2,2
1,4500,230,1,1,1,1
1,5500,1800,1,1,1,1
2,8500,800,1,1,1,2
1,5000,500,2,1,2,1
2,8500,620,2,1,1,1
2,9000,650,2,1,1,1
1,7500,550,1,1,2,1
2,7000,450,2,1,2,2
3,15000,1350,2,1,1,2
2,7000,600,1,1,2,2
3,10000,1200,1,1,2,1
2,7000,700,1,1,1,1
3,3200,800,2,1,2,2
2,6000,600,2,1,2,1
2,12000,900,1,1,1,2
2,6000,750,1,1,1,1
3,10000,1250,1,1,1,2
3,12000,1000,1,1,2,3
2,8000,600,1,1,2,1
2,5300,650,2,1,1,1
2,5000,450,2,1,1,1
3,8500,800,1,1,1,2
3,22000,1000,2,1,2,2
2,7000,1000,1,1,1,1
3,25000,1400,2,1,2,3
2,7000,600,2,1,2,1
2,15000,723,2,1,2,1
1,6000,320,2,1,1,1
2,8000,900,1,1,2,1
3,40000,1400,2,1,2,2
1,6000,2160,1,1,2,1
2,15000,650,2,1,2,1
2,6500,800,1,1,2,1
3,8000,800,1,1,2,1
1,5500,500,2,1,1,1
3,9000,1700,1,1,2,2
1,6000,130,2,1,2,1
1,15000,505,1,1,2,1
4,30000,4000,1,1,2,3
3,30000,1250,1,1,1,2
1,5000,700,2,1,1,1
2,15000,900,1,1,1,1
1,6500,650,1,1,2,1
2,4500,750,1,1,2,1
2,7000,450,2,1,1,1
1,6500,350,2,1,2,1
1,17500,480,2,1,2,2
2,10000,900,1,1,1,1
1,1500,200,1,1,2,1
3,25000,1100,1,1,1,3
2,12000,800,2,1,1,1
3,7500,1000,2,1,2,2
1,7000,800,2,1,1,1
1,3500,200,1,1,2,1
3,10000,1190,2,1,1,2
2,14000,900,2,1,1,2
2,15000,1500,1,1,1,2
2,6500,600,1,1,1,1
3,10000,800,1,1,1,1
2,10500,800,2,1,1,2
3,10000,900,2,1,2,2
1,5000,350,2,1,2,1
2,9000,800,2,1,1,1
2,20000,1600,2,1,1,2
3,35000,1012,2,1,2,2
3,15000,1200,2,1,1,2
2,20000,700,1,1,2,1
2,12000,1000,1,1,2,1
2,8000,800,2,1,1,1
1,3000,500,1,1,2,1
3,20000,1200,2,1,2,2
1,9000,450,2,1,1,1
3,13000,950,2,1,1,2
1,7000,350,2,1,1,1
1,9000,450,2,1,1,1
1,9000,550,2,1,2,1
2,10000,300,2,1,1,1
3,15000,1250,1,1,2,2
2,7000,700,1,1,1,1
3,8000,812,1,1,1,2
2,8000,550,1,1,1,1
1,5000,500,1,1,2,1
1,14000,320,2,1,2,1
2,5000,600,1,1,1,1
2,5000,420,2,1,1,1
3,12000,1100,1,1,1,1
1,3200,220,1,1,1,1
2,8500,700,2,1,2,2
3,16000,1200,2,1,1,2
2,14000,800,2,1,1,2
1,8000,300,2,1,2,1
2,7000,650,2,1,1,1
1,8000,600,1,1,2,1
1,3000,350,1,1,1,1
1,3800,500,2,1,1,1
1,6500,400,1,1,1,1
3,20000,1750,1,1,2,3
3,30000,1600,1,1,1,2
1,8000,300,2,1,2,1
2,14000,1100,1,1,2,2
2,7200,830,1,1,1,1
2,7000,600,2,1,2,2
1,7000,500,1,1,1,2
2,7500,900,2,1,1,1
2,8500,1250,2,1,1,2
2,12000,700,2,1,1,1
1,8500,850,2,1,1,2
2,9500,550,2,1,1,1
2,7500,550,2,1,2,2
2,12000,1200,1,1,1,1
3,20000,1100,2,1,1,2
2,8500,650,1,1,2,1
3,20000,1050,2,1,1,2
2,6000,960,1,1,2,2
2,5500,650,2,1,1,2
1,7000,550,1,1,2,1
2,7000,500,1,1,2,2
1,6500,450,1,1,1,1
2,10000,850,1,1,1,2
1,5200,300,2,1,1,1
2,13000,1000,2,1,2,3
2,7000,500,2,1,1,1
2,12000,756,2,1,2,1
1,15000,1000,1,1,1,1
1,5000,150,2,1,1,1
1,8000,800,2,1,1,1
2,8000,700,1,1,1,2
1,5000,420,1,1,1,1
2,10000,800,1,1,1,1
2,12000,288,2,1,1,1
2,8000,900,1,1,1,2
2,21000,850,2,1,1,2
1,5000,350,2,1,1,1
2,9000,600,1,1,1,1
2,8000,1600,2,1,2,1
2,7000,986,2,1,1,1
3,35000,1330,2,1,1,2
3,15000,1300,1,1,2,2
2,6200,800,2,1,1,1
2,9900,800,2,1,1,1
2,7000,850,1,1,1,1
1,5000,322,2,1,1,1
2,6500,800,2,1,2,1
4,40000,1500,2,1,1,2
3,40000,3500,1,1,2,2
2,12000,957,2,1,2,2
1,6500,850,2,1,1,1
2,10000,900,2,1,1,2
2,15000,600,1,1,2,1
1,5000,350,2,1,2,1
2,7000,800,1,1,1,1
2,6000,320,2,1,1,1
3,15000,800,2,1,1,1
2,10000,700,2,1,2,2
2,22000,1200,1,1,2,2
2,8500,750,2,1,2,1
3,35000,1200,1,1,2,3
2,7000,450,2,1,1,1
3,8500,1430,1,1,2,1
2,6000,450,1,1,1,1
4,35000,800,1,1,2,3
1,6000,400,1,1,1,1
2,8000,650,1,1,1,1
1,5000,450,2,1,1,1
2,6000,600,1,1,1,1
3,15000,1200,2,1,1,2
2,9000,700,2,1,1,1
1,5000,300,2,1,1,1
3,8000,1200,1,1,1,3
3,35000,1300,2,1,1,2
1,5500,400,1,1,1,1
3,35000,1320,2,1,1,2
2,11000,1000,1,1,2,2
2,10000,700,2,1,1,1
2,6500,800,2,1,1,2
2,6000,900,1,1,2,1
3,36125,1700,1,1,1,2
2,6800,600,2,1,1,1
2,8500,850,2,1,1,2
2,5000,550,2,1,1,1
1,6500,650,2,1,2,1
1,6500,800,2,1,1,1
2,4500,475,1,1,1,1
1,6000,200,2,1,1,1
1,10000,400,2,1,1,1
1,12000,500,1,1,2,1
2,12000,550,2,1,1,1
2,12000,800,1,1,1,1
2,9000,1000,1,1,2,2
1,5000,400,2,1,2,1
1,6000,300,2,1,1,1
2,5500,450,2,1,1,1
2,5500,450,2,1,1,1
2,8500,1100,2,1,1,2
1,5000,450,1,1,1,1
2,23000,1100,2,1,1,2
2,5500,650,2,1,1,1
2,8500,780,2,1,1,1
3,22000,1100,1,1,2,2
1,5500,800,1,1,1,1
1,7000,500,1,1,2,2
1,5000,400,2,1,1,1
1,5000,450,2,1,1,1
2,6500,550,1,1,1,1
2,8000,600,2,1,1,1
1,5500,200,1,1,1,1
2,6000,500,2,1,2,1
1,5500,450,2,1,1,1
2,10000,1050,1,1,1,2
3,10000,1000,2,1,1,2
2,10000,1200,1,1,2,2
3,12000,1100,1,1,2,2
1,5200,220,1,1,1,1
1,4000,350,1,1,1,1
3,30000,1100,2,1,1,1
2,5146,800,1,1,1,1
2,12000,950,1,1,1,1
3,7000,1200,1,1,1,1
2,8500,700,1,1,2,1
1,7000,500,1,1,1,1
2,9500,570,1,1,1,1
2,8000,650,1,1,1,1
3,15000,1200,1,1,1,3
2,12500,1250,1,1,2,2
3,34000,120,1,1,2,2
3,14000,950,2,1,2,2
1,9500,600,2,1,1,1
2,7000,750,1,1,1,1
3,20000,1200,1,1,1,2
1,6500,400,2,1,2,1
1,7500,600,2,1,2,1
2,6500,700,1,1,1,1
2,9500,850,1,1,2,1
1,1800,500,1,1,2,1
2,7500,650,2,1,1,1
2,10000,800,1,1,2,2
3,15000,830,1,1,1,2
2,7000,600,1,1,1,1
2,6000,800,1,1,1,1
2,14000,1200,1,1,2,2
2,22000,1000,1,1,2,2
2,18000,750,2,1,1,2
2,10000,800,2,1,1,2
2,6000,1200,1,1,1,2
2,10000,750,2,1,1,1
3,10000,1500,1,1,2,2
1,5000,300,1,1,1,1
3,10000,800,2,1,1,1
2,7000,450,1,1,1,2
4,10000,1200,1,1,2,2
2,6000,500,1,1,2,2
2,18000,900,2,1,2,2
2,8000,460,2,1,1,1
2,8000,530,1,1,2,1
2,13000,650,2,1,2,2
2,20000,700,2,1,2,2
2,6000,400,1,1,1,1
2,12000,1000,1,1,1,2
1,10000,400,2,1,2,1
2,14000,700,2,1,1,2
2,10000,850,2,1,2,2
2,10500,558,2,1,1,2
2,6000,800,1,1,1,1
2,12000,900,2,1,1,2
3,14000,1600,1,1,2,2
1,3700,150,2,1,1,1
3,40000,1600,2,1,1,2
3,25000,1000,1,1,1,1
1,2200,700,1,1,1,1
1,3300,175,1,1,1,1
1,5000,450,1,1,2,1
3,60000,1700,2,1,2,3
2,6000,425,2,1,1,1
3,7000,900,1,1,2,3
1,5000,400,2,1,1,1
2,11000,600,1,1,1,1
2,10000,721,1,1,2,2
3,22000,1150,2,1,1,2
3,65000,2210,2,1,1,3
2,7500,675,1,1,1,1
2,45000,1320,1,1,2,2
1,5000,250,2,1,1,1
2,12000,720,1,1,1,2
3,18000,850,2,1,2,3
2,25000,1050,2,1,1,2
1,25000,320,1,2,2,1
2,70000,750,2,2,2,2
1,45000,450,2,2,2,1
3,75000,1100,2,2,1,3
1,14000,640,1,2,2,1
1,60000,650,1,2,1,1
2,160000,800,2,2,1,2
4,300000,1600,2,2,2,5
1,22000,460,1,2,1,1
4,130000,1650,2,2,2,4
1,33000,480,2,2,2,2
1,32000,500,2,2,2,2
1,30000,490,2,2,2,2
1,49000,620,1,2,2,1
2,28000,518,2,2,2,2
2,33500,700,2,2,2,2
2,85000,777,2,2,2,2
2,35000,650,2,2,1,2
3,270000,1800,2,2,2,4
1,21000,425,2,2,1,2
2,150000,890,2,2,1,2
1,22000,270,1,2,1,1
2,100000,850,2,2,2,2
2,60000,888,2,2,2,2
2,8000,650,2,2,2,2
1,20000,275,2,2,1,1
2,20000,700,2,2,2,2
1,25000,375,1,2,1,1
1,14000,424,1,2,2,1
1,19411,400,1,2,2,2
1,23000,450,2,2,2,1
4,190000,2079,2,2,2,5
2,32000,586,1,2,2,1
2,68000,610,2,2,2,2
1,30000,488,2,2,2,2
3,110000,1200,2,2,2,3
2,44000,722,2,2,2,2
1,20000,450,2,2,1,1
1,25000,500,1,2,2,2
2,40000,680,2,2,2,2
2,43000,1150,2,2,1,2
2,44000,830,2,2,2,2
1,75000,550,2,2,2,1
1,32000,470,2,2,2,2
1,16000,410,2,2,2,2
2,65000,710,2,2,2,2
2,45000,750,2,2,2,2
2,57000,800,2,2,1,2
1,27000,435,2,2,1,2
1,57000,500,2,2,2,1
2,55000,800,2,2,2,2
1,40000,540,2,2,2,2
2,95000,1050,2,2,1,2
2,85000,700,2,2,2,2
4,300000,1600,2,2,2,4
2,80000,600,2,2,2,1
1,13000,300,1,2,1,2
1,28000,550,2,2,1,2
3,89000,932,2,2,2,3
1,28000,450,2,2,1,2
2,13000,600,2,2,1,2
1,24000,424,2,2,1,2
2,38000,560,2,2,2,2
1,32000,450,2,2,1,2
4,350000,3000,2,2,2,5
1,40000,600,2,2,2,2
3,150000,1400,2,2,2,3
2,45000,630,2,2,1,2
3,170000,1400,2,2,1,3
1,30000,320,1,2,2,1
2,210000,1000,2,2,1,2
3,75000,1150,2,2,1,3
2,47000,751,2,2,2,2
2,14000,570,2,2,2,2
2,55000,696,2,2,2,2
4,120000,1600,2,2,1,4
3,300000,2500,2,2,2,3
3,70000,1150,2,2,1,3
3,150000,1500,2,2,2,4
3,62000,950,2,2,2,3
2,42000,750,2,2,1,2
2,130000,715,2,2,2,2
3,170000,1337,2,2,2,3
3,20000,737,2,2,2,3
2,41000,750,2,2,1,2
2,65000,760,2,2,2,2
2,50000,750,2,2,2,2
2,85000,650,2,2,2,2
2,50000,1000,1,2,2,2
1,30000,570,2,2,1,1
2,120000,900,2,2,2,2
2,60000,760,2,2,1,2
3,110000,1500,2,2,1,4
3,84500,1150,2,2,1,3
3,80000,1100,2,2,2,3
3,50000,1000,2,2,2,3
2,40000,720,2,2,1,2
1,34000,365,2,2,2,1
4,220000,2000,2,2,2,4
1,25000,400,2,2,1,1
3,150000,1330,2,2,2,4
3,85000,850,2,2,2,3
4,180000,2000,2,2,2,5
2,40000,700,2,2,2,2
2,50000,900,2,2,2,2
2,38000,650,2,2,2,2
4,310000,2600,2,2,1,4
2,50000,680,2,2,1,2
3,65000,950,2,2,2,3
4,210000,1783,2,2,2,3
3,150000,1330,2,2,1,3
1,32000,565,1,2,1,2
1,26000,450,2,2,1,1
2,60000,710,2,2,2,2
3,190000,1514,2,2,2,4
3,100000,1080,2,2,1,3
2,35000,700,2,2,1,2
3,68000,890,2,2,1,2
3,150000,1250,2,2,2,3
1,18000,300,1,2,2,1
2,55000,720,2,2,1,2
3,65000,825,2,2,2,3
2,80000,500,2,2,2,2
2,53000,750,2,2,2,2
2,80000,750,2,2,2,2
1,18000,360,2,2,2,1
4,250000,1545,2,2,2,5
1,17500,400,2,2,1,1
3,43000,750,2,2,1,2
1,13500,432,2,2,1,2
2,18000,780,2,2,1,2
2,75000,695,2,2,2,1
1,18000,375,2,2,1,1
3,160000,1095,2,2,2,3
1,32000,475,2,2,2,2
2,55000,790,2,2,1,2
2,47000,661,2,2,2,2
2,35000,700,2,2,2,2
1,15000,420,2,2,2,1
2,50000,750,2,2,1,2
2,25500,950,1,2,2,3
3,55000,1350,2,2,2,3
1,25000,330,1,2,2,1
2,50000,750,2,2,1,2
2,65000,925,2,2,2,3
3,50000,1150,2,2,2,3
3,65000,1105,2,2,1,3
3,160000,1050,2,2,2,3
1,25000,410,2,2,2,1
1,32000,460,2,2,1,2
1,21000,600,1,2,2,1
1,20000,570,1,2,2,2
2,55000,720,2,2,2,2
1,32000,500,2,2,2,2
4,150000,1460,2,2,2,4
1,30000,415,2,2,1,2
3,150000,1400,2,2,2,3
1,27000,270,2,2,1,1
2,47000,585,2,2,2,2
4,150000,1755,2,2,1,4
1,27000,550,2,2,2,2
3,160000,1300,2,2,2,4
2,100000,1200,1,2,2,2
2,45002,600,2,2,2,2
2,48000,700,2,2,2,2
1,18000,385,2,2,1,1
1,7500,500,2,2,2,1
2,50000,850,2,2,2,2
3,55000,900,2,2,2,2
1,26000,400,2,2,1,1
2,17000,600,2,2,1,2
2,40000,750,2,2,2,2
2,43000,628,2,2,1,2
3,140000,1330,2,2,1,4
3,140000,1064,2,2,1,3
3,120000,1200,2,2,2,3
4,400000,2200,2,2,2,4
2,21000,630,2,2,2,2
2,40000,650,2,2,1,2
2,40000,845,1,2,2,2
3,230000,1915,1,2,2,3
2,20000,900,1,2,2,2
2,60000,807,2,2,1,2
2,35000,1100,1,2,2,2
3,300000,1600,1,2,2,5
2,6500,790,1,2,1,2
1,15000,380,2,2,1,1
2,38000,650,2,2,1,2
2,35000,800,2,2,2,2
2,32000,830,1,2,2,2
1,16000,410,2,2,1,1
1,33000,428,2,2,2,2
1,8500,550,1,2,2,1
2,60000,630,2,2,1,2
1,20000,550,1,2,1,2
1,38000,450,2,2,1,2
2,100000,750,2,2,1,2
2,65000,800,2,2,2,2
3,80000,1050,2,2,2,3
2,85000,850,2,2,2,2
4,600000,2500,2,2,2,4
3,150000,2000,2,2,2,3
3,130000,1330,2,2,2,4
3,55000,950,2,2,1,3
1,23000,435,2,2,2,2
3,95000,1300,2,2,2,4
2,40000,650,1,2,1,2
3,180000,1550,2,2,2,3
1,25000,380,2,2,2,1
4,140000,1454,2,2,1,4
2,55000,860,2,2,2,2
2,46000,680,2,2,2,2
1,22000,433,2,2,1,2
2,55100,710,2,2,2,2
2,65000,700,2,2,2,2
1,33000,550,2,2,1,1
4,320000,2700,2,2,2,5
1,33000,350,1,2,1,1
1,25000,490,1,2,2,1
3,300000,1225,2,2,2,3
3,100000,1286,2,2,1,5
1,33000,425,2,2,1,2
2,35000,550,2,2,2,2
3,130000,1224,2,2,1,3
3,80000,950,2,2,1,3
1,10000,425,2,2,2,2
3,92500,1000,2,2,2,3
2,57000,710,2,2,2,2
3,170000,1300,2,2,2,3
1,29999,433,2,2,2,2
2,42000,650,2,2,2,2
3,330000,1650,2,2,2,4
2,24000,600,1,2,2,1
2,35000,850,1,2,2,2
1,14000,305,2,2,1,1
2,45000,490,2,2,2,2
2,36000,690,2,2,2,2
2,53500,635,2,2,1,2
3,80000,1100,2,2,2,2
1,7500,250,1,2,1,1
3,140000,1200,2,2,2,3
2,95000,750,2,2,1,2
3,130000,1100,2,2,2,3
2,45000,700,2,2,2,2
2,110000,1150,2,2,1,2
3,120000,1379,2,2,1,3
1,60000,500,2,2,2,1
3,120000,1400,1,2,1,3
1,40000,390,2,2,1,1
2,50000,935,1,2,2,2
2,36000,535,2,2,1,2
3,150000,1250,2,2,2,3
4,230000,3700,2,2,2,4
1,25000,350,2,2,1,2
3,190000,1350,2,2,2,4
3,61000,1550,2,2,2,3
3,70000,1100,2,2,2,3
3,42000,950,2,2,1,3
1,27000,400,2,2,1,1
2,60000,700,2,2,2,2
3,85000,850,1,2,2,2
2,75000,900,2,2,2,2
3,200000,1208,2,2,1,3
3,170000,1150,2,2,2,3
3,180000,1600,2,2,2,4
2,55000,700,2,2,2,2
1,18000,330,1,2,1,1
1,19000,225,1,2,1,1
3,150000,1050,2,2,2,3
1,18500,225,2,2,2,1
1,35000,463,2,2,2,2
4,200000,1900,2,2,2,3
2,150000,1500,1,2,2,4
2,70000,1000,2,2,2,2
1,35000,450,2,2,2,2
2,45000,700,2,2,1,2
1,30000,355,2,2,1,1
3,50000,1325,2,2,2,3
2,50000,950,1,2,2,2
1,42000,600,1,2,2,1
2,19500,905,2,2,2,2
3,90000,1500,2,2,2,3
1,60000,455,2,2,1,1
2,55000,850,2,2,2,2
3,40000,1100,1,2,1,2
1,40000,430,2,2,1,2
2,36000,650,2,2,2,2
2,45000,795,2,2,1,2
2,100000,800,2,2,2,2
1,42000,700,1,2,2,1
1,45000,450,2,2,2,2
2,40000,575,2,2,2,2
2,50000,650,2,2,2,3
1,11000,200,1,2,2,1
2,50000,1200,1,2,2,2
1,34000,656,1,2,1,2
3,93000,1600,2,2,2,3
3,69999,950,2,2,1,3
2,48000,719,2,2,2,2
3,55000,1100,2,2,1,3
4,1000000,3064,2,2,2,4
2,40000,650,2,2,2,2
3,130000,1450,2,2,2,5
2,75000,720,2,2,2,2
2,23000,670,1,2,2,2
3,200000,1350,2,2,2,3
3,55000,925,2,2,1,2
4,80000,1450,2,2,1,4
3,220000,1550,2,2,2,3
1,40000,420,2,2,2,2
2,35000,650,2,2,1,2
2,33003,700,2,2,2,2
2,65000,935,1,2,2,2
2,45000,980,2,2,2,2
4,280000,2800,2,2,2,4
2,55000,700,2,2,2,3
2,56000,720,2,2,2,2
2,55000,750,2,2,2,2
2,28000,700,2,2,2,2
2,150000,1000,2,2,2,3
1,50000,413,2,2,2,1
4,180000,1755,2,2,2,4
3,190000,1850,2,2,2,4
2,8000,890,2,2,1,2
3,75000,1200,2,2,2,3
3,83000,1100,2,2,2,3
1,32000,420,2,2,2,2
2,39000,630,2,2,1,2
4,150000,1705,2,2,2,3
3,190000,1300,2,2,2,3
3,160000,1355,2,2,2,3
1,25000,450,2,2,2,2
3,90000,1350,2,2,1,3
2,95000,825,2,2,2,2
1,30000,550,1,2,2,1
1,18500,430,2,2,1,1
1,18000,320,2,2,2,1
3,75000,1100,2,2,2,3
4,150000,1460,2,2,2,4
3,100000,1250,2,2,2,3
2,170000,1000,2,2,2,3
2,45000,710,2,2,1,2
3,200000,1350,2,2,2,3
2,20000,400,2,2,2,1
3,85000,1000,2,2,2,4
3,130000,1500,2,2,1,3
1,40000,500,1,2,2,1
4,250000,2000,2,2,2,4
1,15000,225,2,2,1,1
2,40000,650,2,2,2,2
2,48000,670,2,2,2,2
2,15000,610,2,2,2,1
1,28000,400,2,2,2,2
1,25000,340,2,2,1,1
2,34000,471,2,2,2,2
1,75000,550,2,2,2,2
2,45000,630,2,2,2,1
1,35000,500,1,2,2,2
1,32000,400,2,2,2,1
2,17000,1000,1,2,1,2
4,230000,1528,2,2,1,4
2,35000,650,2,2,2,2
1,8500,500,2,2,1,1
3,80000,850,2,2,2,2
1,55000,550,2,2,2,1
1,25000,430,2,2,1,2
3,40000,1030,2,2,2,3
1,15500,250,2,2,1,1
1,45000,500,2,2,1,2
4,180000,1750,2,2,2,4
2,51000,985,2,2,1,2
3,60000,1050,2,2,1,3
2,36000,700,2,2,1,2
3,180000,1200,2,2,2,3
3,75000,1000,2,2,2,3
2,8000,550,2,2,1,2
3,50000,806,1,2,2,2
3,100000,1400,2,2,2,3
1,16500,470,2,2,2,2
1,4500,475,1,2,1,1
2,34000,583,2,2,1,2
2,32000,475,2,2,1,2
2,50000,900,2,2,2,2
1,24000,500,2,2,2,1
2,62000,806,2,2,1,3
1,100000,400,2,2,2,1
1,21000,650,1,2,2,2
1,27000,550,1,2,2,2
1,10000,390,2,2,1,1
2,90000,994,2,2,2,2
1,8000,520,1,2,2,2
1,75000,575,2,2,2,1
3,230000,2750,2,2,1,3
1,15000,470,2,2,2,2
4,260000,2500,2,2,2,4
3,62000,1100,2,2,2,3
1,43500,480,2,2,2,2
2,62000,750,2,2,1,2
4,400000,2424,2,2,2,5
2,77500,724,2,2,2,2
1,30000,600,2,2,2,1
3,110000,1076,2,2,2,2
1,20000,800,1,2,1,2
3,150000,1300,2,2,2,3
1,55000,500,2,2,1,2
2,70000,700,2,2,2,2
2,65000,700,2,2,2,2
3,310000,2170,2,2,2,4
1,18000,225,2,2,1,2
1,48000,485,2,2,2,2
1,10000,225,1,2,1,1
1,32000,478,2,2,2,2
3,32000,1200,1,2,2,3
2,36000,620,2,2,2,2
1,22000,280,2,2,1,1
1,5500,385,2,2,1,1
3,15000,704,2,2,1,2
2,40000,710,2,2,1,2
1,28000,525,1,2,1,1
1,11000,390,2,2,2,1
2,40000,755,2,2,2,2
2,45000,700,2,2,1,2
2,180000,1000,2,2,2,3
3,160000,2000,2,2,2,3
2,36000,650,2,2,1,2
1,59000,470,2,2,2,1
1,40000,450,2,2,2,2
2,40000,625,1,2,2,2
2,72000,700,2,2,2,2
2,40000,600,2,2,1,2
2,16000,600,2,2,1,1
2,50000,1100,1,2,2,4
1,24000,370,2,2,2,1
2,65000,950,2,2,2,2
2,33000,825,1,2,1,2
2,27000,650,2,2,1,2
2,52000,750,2,2,2,2
3,95000,900,2,2,2,3
2,68000,805,2,2,2,3
2,48000,742,2,2,1,2
2,32000,550,2,2,2,2
2,42000,745,2,2,2,2
2,60000,800,2,2,2,2
3,51500,1265,2,2,1,3
3,130000,1800,1,2,1,3
1,25000,325,2,2,2,1
2,85000,902,2,2,2,2
3,98000,1233,2,2,2,4
2,100000,750,1,2,2,2
2,65000,600,2,2,1,2
1,23000,500,1,2,1,1
2,40000,600,2,2,1,2
3,45000,950,2,2,1,3
1,40000,680,1,2,2,4
1,23500,400,2,2,1,1
4,250000,2120,2,2,2,5
3,110000,1350,2,2,2,4
3,150000,1600,2,2,2,3
1,22000,430,2,2,1,1
4,150000,1937,2,2,2,5
2,75000,700,2,2,2,3
2,41000,780,2,2,1,2
4,150000,1300,2,2,2,4
3,150000,1350,2,2,2,3
2,53000,750,2,2,2,2
4,140000,1400,2,2,2,3
4,200000,2000,2,2,2,5
2,65000,850,2,2,2,2
1,48000,500,2,2,2,1
2,75000,900,1,2,1,2
2,39000,750,2,2,2,2
3,70000,1100,2,2,2,2
4,1200000,5000,2,2,2,4
1,25000,596,1,2,2,1
2,45000,680,2,2,1,2
4,190000,1950,2,2,1,4
3,140000,1350,2,2,2,3
1,35000,510,2,2,2,1
1,60000,500,2,2,2,1
1,15000,375,1,2,1,1
1,39000,500,2,2,2,1
3,190000,1500,2,2,2,3
3,84000,1000,2,2,2,3
3,68000,1260,2,2,1,3
1,26000,475,2,2,1,2
2,42000,620,2,2,2,2
1,35000,490,2,2,2,1
2,44000,710,2,2,2,2
2,60000,720,2,2,1,2
2,45000,770,2,2,2,2
3,250000,1600,1,2,2,3
1,65000,500,2,2,2,1
1,20000,350,1,2,1,1
2,75000,1000,1,2,2,2
3,140000,1000,2,2,2,3
2,45000,660,2,2,2,2
1,9400,600,1,2,2,1
2,100000,900,2,2,2,2
2,65000,750,2,2,2,2
2,230000,1000,2,2,2,2
3,180000,1500,2,2,2,3
2,180000,1200,2,2,2,3
3,120000,1200,2,2,2,3
1,20000,280,2,2,2,1
2,130000,1000,2,2,2,2
3,400000,1800,2,2,2,4
2,75000,694,2,2,2,2
3,100000,1740,1,2,2,4
2,55000,750,2,2,2,2
3,70000,1000,2,2,2,3
1,30000,500,1,2,2,1
4,330000,2000,2,2,2,5
1,75000,550,2,2,2,2
1,14000,270,2,2,1,1
3,130000,960,2,2,2,3
3,40000,1200,1,2,2,2
2,46000,710,2,2,1,2
1,27000,472,2,2,2,2
2,95000,1000,2,2,2,2
2,94000,800,2,2,2,2
2,40000,650,2,2,1,2
3,150000,1300,2,2,2,3
2,30000,600,2,2,1,2
2,95000,750,2,2,2,2
2,130000,890,2,2,2,2
1,14000,421,2,2,1,1
3,100000,1300,2,2,2,3
1,35000,350,1,2,1,1
2,57000,800,2,2,2,2
2,45000,650,2,2,2,2
1,11000,650,1,2,2,2
2,50000,650,2,2,2,2
2,35000,680,2,2,1,2
2,100000,800,2,2,2,2
3,130000,1250,2,2,2,3
1,52000,475,2,2,1,1
2,28000,600,2,2,1,2
1,18000,450,1,2,1,1
1,30000,400,1,2,1,1
3,45000,985,2,2,1,3
3,130000,1450,2,2,1,3
2,58000,650,2,2,2,2
2,65000,805,2,2,2,3
1,24000,650,1,2,2,1
1,54500,515,2,2,1,1
3,70000,1000,2,2,2,2
3,67000,1050,2,2,2,3
2,75000,777,2,2,2,2
2,45000,831,2,2,1,2
3,98000,1233,2,2,2,4
1,16000,250,2,2,1,1
2,95000,900,2,2,2,2
2,40000,753,2,2,1,2
3,300000,1800,2,2,2,3
2,80000,670,2,2,1,2
4,380000,2800,2,2,2,4
3,160000,1197,2,2,2,3
2,44000,880,2,2,1,2
2,200000,1000,2,2,2,2
2,65000,935,1,2,2,2
2,50000,751,2,2,2,2
1,6000,200,1,2,1,1
4,280000,2500,2,2,2,6
1,46000,500,2,2,2,1
1,35000,430,2,2,2,1
3,75000,1088,2,2,2,3
1,20000,330,2,2,2,1
1,25000,400,2,2,1,1
3,110000,1200,2,2,2,3
2,29500,700,2,2,1,2
3,53000,1000,2,2,2,2
2,85000,750,2,2,2,2
1,26000,450,2,2,1,2
1,33000,640,1,2,2,2
3,180000,1190,2,2,2,3
3,70000,850,1,2,1,3
1,17000,330,2,2,2,1
2,37000,685,2,2,2,2
1,27000,400,2,2,1,2
1,35500,500,2,2,2,2
1,24000,550,2,2,1,1
4,250000,2500,2,2,1,4
3,180000,1100,2,2,2,3
2,18500,650,2,2,1,2
3,200000,1400,2,2,2,3
2,70000,1050,2,2,2,2
3,55000,850,2,2,1,3
1,24000,550,2,2,1,1
2,55000,750,2,2,2,2
3,150000,1350,2,2,2,3
2,50000,800,2,2,2,2
4,300000,2650,2,2,2,3
3,90100,975,2,2,2,2
3,57000,1325,2,2,2,4
2,40000,700,1,2,2,2
2,80000,700,2,2,2,2
2,95000,850,2,2,2,2
1,14000,305,2,2,1,1
2,50000,850,2,2,1,2
2,43000,724,2,2,1,2
2,55000,650,2,2,2,2
2,35000,650,2,2,1,2
2,33000,700,2,2,1,2
2,47000,785,2,2,2,2
3,75000,1250,2,2,2,3
4,45000,1016,2,2,1,3
1,36000,380,2,2,1,2
1,40000,475,2,2,1,1
1,40000,444,2,2,1,2
2,32000,640,2,2,1,2
1,17000,320,2,2,1,1
3,77000,1100,2,2,1,4
4,290000,1500,2,2,2,3
2,35000,650,2,2,2,2
1,40000,508,2,2,2,2
4,250000,2500,2,2,2,4
2,47000,720,2,2,1,2
2,50000,750,1,2,1,2
1,32000,430,2,2,1,1
2,8000,623,2,2,1,2
3,240000,1358,2,2,2,4
3,85000,1000,2,2,2,3
3,65000,1100,2,2,1,3
3,75000,1255,2,2,2,3
1,26500,450,2,2,2,2
2,45000,650,2,2,2,2
2,95000,955,2,2,2,2
2,38000,700,2,2,1,2
3,260000,1915,1,2,2,4
4,300000,2308,2,2,2,6
3,180000,1250,2,2,2,3
2,40000,625,2,2,2,2
4,300000,2200,2,2,2,4
2,85000,870,2,2,2,2
3,110000,1300,2,2,2,3
2,40000,750,2,2,1,2
2,45000,750,1,2,2,2
2,52000,550,2,2,2,2
4,90000,1250,2,2,2,4
3,140000,1400,2,2,2,3
3,150000,1330,2,2,2,4
3,65000,1000,2,2,2,3
2,50000,770,2,2,1,2
2,54000,800,2,2,1,2
4,180000,1691,2,2,2,6
1,60000,550,2,2,2,2
2,65000,800,2,2,1,2
2,35000,615,2,2,1,2
2,43000,663,2,2,1,2
1,20000,400,2,2,2,1
2,57000,625,2,2,2,2
4,130000,1432,2,2,1,3
1,25000,425,2,2,1,1
2,56000,649,2,2,2,2
2,55000,905,2,2,1,2
2,18000,882,1,2,1,2
3,100000,1200,2,2,2,3
2,76000,736,2,2,1,2
3,270000,1710,2,2,2,3
1,45000,225,2,2,1,1
2,39000,720,2,2,1,2
1,12500,555,1,2,1,1
1,35000,415,1,2,1,1
2,55000,649,2,2,2,2
3,90000,1000,2,2,2,2
2,250000,1300,2,2,2,2
2,25000,1065,1,2,2,2
2,90000,854,2,2,2,2
3,120000,1200,2,2,2,3
1,55000,500,2,2,1,1
3,70000,906,2,2,2,3
3,300000,1800,2,2,2,4
2,25000,500,2,2,2,1
1,35000,450,1,2,1,1
3,120000,1130,2,2,2,3
1,27000,495,1,2,2,2
1,25000,407,1,2,1,2
3,150000,1092,2,2,2,3
2,32000,610,2,2,1,2
1,40000,500,1,2,2,2
2,52000,750,2,2,1,2
2,80000,750,2,2,2,2
2,55000,850,2,2,2,2
1,30000,350,2,2,1,1
1,20000,300,2,2,2,1
1,85000,695,2,2,2,2
1,40000,415,2,2,2,2
1,21000,450,2,2,1,2
3,43000,850,2,2,1,3
2,58000,805,2,2,2,3
2,130000,700,2,2,2,2
3,260000,1800,2,2,2,4
2,46000,669,2,2,1,2
1,6500,325,2,2,1,1
1,21000,600,1,2,2,1
2,46000,725,2,2,1,2
2,60000,750,2,2,2,2
3,65000,1050,2,2,2,3
2,15000,600,2,2,1,2
2,130000,1000,2,2,2,2
3,90000,1110,2,2,2,3
2,62000,650,2,2,1,2
3,160000,1100,2,2,2,3
3,80000,1100,2,2,1,3
3,80000,1110,2,2,2,3
3,55000,999,2,2,2,2
3,100000,1000,2,2,2,3
4,200000,2200,2,2,2,5
3,100000,1256,2,2,2,3
2,79500,750,2,2,2,2
3,84500,889,2,2,2,2
2,100000,750,2,2,2,2
1,13000,385,2,2,1,1
4,100000,1454,2,2,1,4
1,35000,480,2,2,2,2
2,72000,660,2,2,2,2
3,180000,1600,2,2,2,3
1,26000,434,2,2,2,2
3,72000,1121,2,2,1,3
1,8000,620,1,2,2,2
3,130000,937,2,2,2,2
1,52000,470,2,2,2,2
1,13000,410,2,2,1,1
3,45000,850,2,2,1,3
3,180000,1500,2,2,2,4
2,63000,888,2,2,2,2
1,7500,380,2,2,1,2
1,30000,360,2,2,1,1
1,28500,565,1,2,2,2
3,100000,2000,1,2,2,4
4,270000,1358,2,2,2,4
2,38000,661,2,2,2,2
1,26000,450,2,2,1,2
3,70000,1300,2,2,1,3
2,41000,600,2,2,2,2
2,27000,900,1,2,2,3
1,53000,379,2,2,2,1
2,65000,805,2,2,2,3
1,85000,650,1,2,2,2
1,6000,500,1,2,2,2
1,43000,480,2,2,2,2
2,65000,550,1,2,2,2
3,280000,1600,2,2,2,3
3,98000,1400,2,2,2,2
3,330000,1500,2,2,2,2
3,65000,1050,2,2,1,3
3,85000,920,2,2,1,3
1,40000,450,2,2,2,1
1,23000,440,2,2,2,1
3,55000,932,1,2,1,3
1,15000,270,2,2,1,2
1,52000,379,2,2,2,2
2,13000,582,2,2,2,2
2,95000,800,2,2,2,2
1,25000,444,2,2,1,2
1,21000,428,2,2,1,1
2,60000,888,2,2,2,2
1,19000,490,1,2,1,1
3,140000,937,2,2,1,4
2,30000,710,2,2,1,2
4,130000,1617,2,2,2,5
2,80000,836,2,2,1,2
2,85000,1200,2,2,2,3
2,65000,950,2,2,2,2
1,33000,460,2,2,2,2
1,36000,585,1,2,2,2
2,22000,550,2,2,2,2
1,17000,375,2,2,1,1
2,55000,700,2,2,2,2
2,66000,750,2,2,1,2
4,140000,2000,2,2,2,4
4,260000,2046,2,2,2,5
2,32000,750,1,2,2,2
2,45000,730,2,2,1,2
2,50000,750,2,2,2,2
1,18500,229,1,2,2,1
2,51000,910,2,2,1,2
4,140000,1648,2,2,2,5
3,80000,1100,2,2,1,3
1,30000,560,2,2,1,2
2,85000,850,2,2,1,2
1,15000,450,1,2,1,1
2,50000,820,2,2,2,2
2,60000,750,2,2,1,2
1,23000,410,2,2,1,1
1,14500,490,2,2,1,2
2,40000,700,2,2,1,2
1,80000,560,2,2,2,1
2,55000,650,2,2,1,2
1,12000,520,1,2,2,1
2,45000,850,2,2,1,2
2,90000,777,2,2,2,2
2,43000,771,2,2,1,2
1,22000,400,2,2,1,1
2,20000,600,2,2,2,2
1,26000,390,2,2,2,2
4,850000,3200,2,2,2,4
1,34999,450,2,2,2,2
1,35000,500,1,2,2,2
1,50000,410,2,2,2,1
1,16000,160,2,2,1,1
2,55000,750,2,2,1,2
1,39000,585,1,2,1,2
3,100000,1300,2,2,2,3
1,25000,350,2,2,2,1
1,25000,490,1,2,2,2
2,49500,650,2,2,1,2
1,21000,225,2,2,1,1
2,110000,850,2,2,2,2
1,21000,385,1,2,1,1
2,46700,800,2,2,1,2
4,400000,2500,2,2,2,4
4,280000,1526,2,2,2,5
1,18000,300,1,2,1,1
3,80000,1800,1,2,2,3
2,88000,800,2,2,2,2
3,90000,890,2,2,2,2
2,38000,700,2,2,1,2
1,20000,465,1,2,2,1
2,140000,900,2,2,2,2
3,78000,1073,2,2,2,3
1,21000,450,1,2,1,1
3,95000,1350,2,2,2,3
2,90000,800,2,2,2,2
2,34000,600,2,2,1,2
2,55000,650,2,2,1,2
2,52000,550,2,2,2,2
1,74999,840,2,2,1,2
3,75000,1121,2,2,2,2
2,45000,650,2,2,1,2
1,22000,575,1,2,1,1
1,32000,475,1,2,2,1
2,34000,830,2,2,2,2
3,170000,1337,2,2,2,3
1,23000,420,2,2,2,2
1,20000,310,2,2,1,1
3,350000,1800,2,2,2,4
3,90000,967,2,2,2,3
1,55000,505,2,2,2,1
1,15000,275,1,2,1,1
2,22000,640,2,2,2,2
3,60000,1500,2,2,2,3
2,49000,850,2,2,2,2
2,34000,900,2,2,2,2
1,24000,430,2,2,2,2
4,270000,1649,2,2,2,3
3,69000,1100,2,2,1,3
3,120000,1200,2,2,2,3
2,32000,680,2,2,1,2
2,24000,600,2,2,2,2
4,100000,1560,2,2,1,4
2,45000,771,2,2,1,2
2,80000,800,2,2,2,2
2,37000,800,1,2,2,2
3,210000,1425,2,2,2,4
4,190000,1750,2,2,2,4
1,25000,475,2,2,1,2
4,210000,2000,2,2,1,5
3,200000,1375,2,2,2,3
1,26000,650,1,2,2,1
2,27000,600,2,2,1,2
1,26000,649,1,2,1,1
2,60000,950,2,2,2,2
1,12000,225,2,2,1,1
2,180000,1000,2,2,2,2
1,30000,330,2,2,2,1
3,100000,1200,2,2,2,3
3,140000,1270,2,2,2,3
3,70000,920,2,2,1,3
2,20000,630,2,2,1,2
2,22000,670,2,2,2,2
1,32000,450,1,2,2,1
1,20000,265,1,2,1,1
2,50000,600,2,2,2,2
2,29000,670,2,2,1,2
2,45000,650,2,2,2,2
1,6500,422,2,2,2,2
2,55000,955,2,2,1,2
3,69999,1100,2,2,2,3
1,18500,300,2,2,1,1
2,50000,900,2,2,2,2
2,45000,785,2,2,1,2
3,85000,1350,2,2,2,3
2,85000,900,2,2,2,2
1,25000,400,2,2,1,1
2,75000,800,2,2,2,3
2,190000,895,2,2,2,2
1,20000,625,1,2,2,1
2,30000,720,2,2,2,2
2,75000,750,2,2,2,2
3,350000,1663,2,2,2,2
2,70000,660,2,2,2,2
2,32000,700,2,2,2,2
1,22000,377,1,2,1,2
2,35000,650,2,2,2,2
2,47000,650,2,2,1,2
4,400000,2080,2,2,2,5
2,31000,700,1,2,2,2
1,60000,430,2,2,2,1
2,58000,650,2,2,1,2
3,85000,890,2,2,2,2
2,45000,965,1,2,1,2
1,7500,630,1,2,2,2
4,250000,2100,2,2,2,4
3,150000,1100,2,2,2,3
2,80000,730,2,2,2,2
3,75000,1380,2,2,2,3
3,66000,1100,2,2,2,3
1,45000,450,2,2,2,1
1,22000,500,1,2,1,1
3,65000,1100,2,2,2,3
3,55000,868,2,2,1,3
2,55000,750,2,2,2,2
1,36000,540,1,2,1,2
4,230000,2100,2,2,2,5
1,22000,450,2,2,2,2
3,170000,1600,2,2,2,4
1,34000,560,1,2,2,2
1,45000,500,2,2,1,1
1,14000,305,2,2,1,1
3,75000,970,2,2,2,2
1,7000,480,2,2,1,1
2,55000,720,2,2,2,2
2,55000,950,2,2,2,2
4,700000,3200,2,2,2,4
3,140000,1450,2,2,2,3
2,42000,774,2,2,2,2
1,27000,450,1,2,1,1
3,60000,1000,2,2,2,3
1,17000,340,1,2,2,1
1,30000,430,2,2,2,2
2,45000,722,2,2,1,2
3,90000,1152,2,2,2,2
1,25000,641,1,2,1,1
2,70000,810,2,2,2,2
2,90000,800,2,2,2,2
2,110000,875,2,2,1,2
2,20000,700,1,2,1,2
1,35000,420,1,2,2,1
3,80000,1400,2,2,2,3
2,54500,758,2,2,2,2
4,350000,2880,2,2,1,5
1,45000,480,2,2,2,2
1,38000,550,2,2,1,2
2,90000,900,2,2,2,2
1,22000,400,1,2,1,1
2,70000,760,2,2,2,2
4,380000,2800,2,2,1,5
1,50000,400,2,2,2,1
4,680000,1962,2,2,2,5
3,140000,1100,2,2,2,3
2,40000,800,1,2,2,2
2,32000,590,2,2,1,2
2,78000,600,2,2,2,2
4,280000,2500,2,2,2,6
2,45000,670,2,2,1,2
2,65000,960,2,2,2,2
2,65000,1500,1,2,2,3
1,35000,500,1,2,2,1
3,90000,1120,2,2,2,2
4,250000,2729,2,2,2,5
3,70000,3354,2,3,2,3
2,10500,800,1,3,2,2
2,13000,1000,1,3,2,2
2,17000,1040,1,3,2,2
3,21000,1403,1,3,2,3
2,10000,600,1,3,2,1
4,61500,2608,2,3,2,3
2,13000,850,2,3,2,2
1,7500,400,1,3,1,1
2,17000,1000,1,3,2,2
3,25000,1350,2,3,2,3
2,10500,800,2,3,2,2
1,8000,350,1,3,2,1
1,9500,900,1,3,2,1
3,50000,2000,2,3,2,3
2,13000,700,1,3,2,2
1,13500,600,1,3,2,1
2,13000,700,2,3,2,1
1,15000,600,1,3,2,1
2,15000,1400,1,3,2,3
1,7000,600,1,3,1,1
2,25000,770,1,3,2,2
2,17000,900,2,3,2,2
1,7500,500,1,3,2,1
2,15000,1100,1,3,1,2
1,7500,500,1,3,2,1
3,25000,1260,1,3,2,3
3,54000,1750,2,3,2,3
1,14500,600,2,3,2,1
1,4500,450,1,3,2,1
2,10500,800,1,3,2,1
1,5500,400,1,3,1,1
2,16000,600,2,3,1,2
1,7000,400,1,3,1,1
2,12500,900,1,3,2,2
2,10000,1200,1,3,2,1
2,18000,1045,2,3,2,2
3,28000,1021,2,3,2,3
3,12000,1200,1,3,1,2
2,13000,1000,2,3,1,1
2,50000,1280,2,3,2,2
1,7000,450,2,3,2,1
2,30000,450,1,3,1,2
1,10000,600,1,3,2,2
2,15000,800,1,3,2,2
1,7500,500,1,3,1,1
3,45000,1680,1,3,2,3
3,65000,2000,2,3,2,3
1,12000,500,2,3,2,1
1,7000,500,2,3,2,1
1,9000,800,1,3,1,1
2,23000,1100,1,3,2,2
2,30000,1200,1,3,2,2
1,8000,500,2,3,1,1
2,16000,1155,1,3,2,2
1,7500,440,1,3,2,1
2,20000,1040,2,3,2,2
4,110000,2900,2,3,2,4
3,30000,1200,1,3,2,2
3,20000,1600,1,3,2,3
4,84000,3150,2,3,1,4
2,17000,1000,1,3,2,2
2,15000,1200,1,3,2,2
1,6000,400,1,3,2,1
2,16000,950,2,3,2,3
2,9500,530,2,3,2,1
1,8000,300,2,3,1,1
2,15000,1000,1,3,2,2
1,12000,450,1,3,1,1
1,10000,600,2,3,2,1
2,16000,1100,1,3,1,2
1,11000,400,1,3,1,1
2,11000,700,1,3,1,2
2,20000,1105,1,3,2,2
3,24000,1430,1,3,2,2
2,14500,850,1,3,2,2
1,4000,650,1,3,1,1
2,12000,1200,1,3,1,2
2,8500,600,1,3,1,2
1,9000,400,2,3,2,1
4,180000,2800,2,3,2,4
2,10500,1100,1,3,2,2
2,12000,900,1,3,1,2
3,32000,1300,1,3,2,2
2,15000,1000,1,3,2,3
3,21000,1000,2,3,2,3
2,12000,900,2,3,1,2
1,7000,800,2,3,1,1
2,15000,750,1,3,1,2
2,11400,1100,2,3,1,2
2,15000,1200,1,3,2,2
2,19000,1000,2,3,2,2
2,27000,1000,2,3,2,2
3,48000,2000,2,3,2,3
1,7000,550,1,3,2,1
2,15000,1130,1,3,1,2
2,10000,600,1,3,2,2
1,7000,100,2,3,2,1
2,9000,500,1,3,2,1
1,8000,600,1,3,1,1
2,35000,1200,2,3,2,2
2,16000,850,1,3,2,2
1,4500,600,1,3,1,1
2,16000,600,1,3,1,1
2,10000,700,1,3,2,1
1,8000,400,2,3,1,1
1,6000,400,1,3,2,1
2,13000,1000,2,3,1,2
2,10000,1200,1,3,2,2
3,55000,1603,2,3,2,3
3,15000,1200,1,3,2,3
1,12000,420,2,3,2,1
2,9000,1200,1,3,2,2
3,36000,1771,1,3,2,3
3,37000,1200,1,3,2,3
2,6000,700,1,3,1,1
1,17000,610,1,3,2,1
1,8000,800,1,3,1,1
1,7500,550,1,3,2,1
2,9500,750,1,3,2,1
2,13500,700,2,3,2,2
1,9000,600,2,3,2,1
1,7000,360,1,3,1,1
2,12000,800,1,3,1,2
4,100000,3700,2,3,2,5
2,12000,1200,1,3,1,2
1,8500,480,1,3,2,1
2,18000,1000,1,3,2,2
1,11000,800,1,3,2,1
3,18000,900,1,3,2,2
3,17000,1450,1,3,2,3
1,6500,400,1,3,1,1
2,11500,700,1,3,2,2
2,22000,1000,2,3,2,2
1,13000,450,2,3,2,1
3,20000,773,2,3,2,2
2,10000,1200,1,3,2,2
2,15000,1000,1,3,1,2
1,8000,150,1,3,1,1
2,12000,865,1,3,2,2
1,20000,600,1,3,2,1
2,20000,800,1,3,2,1
1,8000,200,1,3,2,1
1,11000,600,2,3,1,2
3,40000,1840,2,3,2,2
2,10000,800,1,3,2,2
3,30000,1600,2,3,2,2
2,8000,600,1,3,1,1
2,15000,1100,2,3,1,2
2,12000,950,1,3,2,2
2,12000,905,1,3,2,2
3,20000,1200,2,3,2,2
3,13000,1000,1,3,2,1
2,17500,1080,1,3,2,2
1,8000,600,1,3,2,1
2,8500,1000,1,3,2,2
1,7500,600,1,3,2,1
2,22000,1100,1,3,2,2
1,6000,300,1,3,1,1
2,32900,1200,2,3,2,1
2,15000,800,1,3,2,1
2,10000,535,1,3,1,1
2,10000,800,1,3,1,2
3,21000,1159,1,3,1,2
4,63000,2650,2,3,1,5
1,6900,50,2,3,2,1
2,14000,700,1,3,1,1
1,14500,550,1,3,2,1
1,6500,700,1,3,2,1
2,13000,600,1,3,1,2
2,8000,600,1,3,2,1
2,18000,1000,1,3,2,1
2,20000,1100,1,3,2,3
1,14000,750,2,3,2,1
4,50000,2900,1,3,2,4
2,14500,990,1,3,1,2
2,15000,1300,1,3,2,2
1,11500,550,2,3,2,1
3,15000,1360,1,3,2,2
2,12000,600,2,3,2,2
2,18000,1200,2,3,2,2
2,15000,1050,1,3,2,2
2,12000,840,1,3,2,2
2,25000,1050,1,3,2,2
3,150000,3250,2,3,2,4
1,10000,500,1,3,1,1
2,8000,900,1,3,2,1
2,40000,1300,2,3,2,2
2,12000,600,1,3,1,1
2,16000,900,2,3,2,1
2,23000,1100,2,3,2,2
2,25000,1100,2,3,2,2
1,7000,600,1,3,1,1
2,17500,1250,2,3,1,2
1,10000,415,2,3,2,1
3,39000,1200,1,3,2,3
3,22000,1200,2,3,1,2
2,18000,1000,1,3,2,2
2,23000,1300,1,3,2,2
2,20000,1150,2,3,1,2
1,10000,450,2,3,2,1
1,15000,600,2,3,2,1
2,17000,1000,1,3,2,2
3,56000,1900,2,3,1,3
3,43000,1700,2,3,2,3
2,25000,1100,2,3,2,2
1,9000,500,2,3,2,1
3,31000,1757,1,3,2,3
1,6000,300,1,3,2,1
1,5000,500,1,3,2,1
2,16000,1200,1,3,1,2
1,20000,800,2,3,2,1
3,28000,1281,1,3,2,3
2,18000,1450,2,3,2,2
1,12000,600,1,3,2,1
2,20000,980,1,3,2,2
3,25000,1500,1,3,2,3
3,35000,1800,1,3,2,3
1,7000,400,1,3,1,1
1,7500,600,2,3,1,1
2,14000,1100,2,3,2,2
2,20000,1100,2,3,2,2
4,380000,3500,2,3,2,5
2,21000,1100,2,3,1,2
2,15000,700,1,3,2,2
1,5500,600,2,3,1,1
2,10000,700,1,3,1,2
1,7000,250,1,3,2,1
2,11500,1200,1,3,2,1
3,22000,1450,1,3,2,3
2,19000,1221,2,3,1,2
2,15000,1250,1,3,2,2
2,10500,700,2,3,2,1
2,12000,700,2,3,2,2
1,7000,200,1,3,2,1
2,15000,1200,2,3,2,2
2,23000,600,1,3,2,2
1,6500,600,1,3,2,1
3,29000,1800,2,3,2,3
2,12000,900,2,3,1,2
2,10000,1000,1,3,2,2
2,12500,500,2,3,2,2
3,32000,1800,1,3,2,3
1,8000,416,1,3,1,1
2,10500,600,1,3,2,1
1,6000,400,1,3,1,1
3,16000,1200,1,3,2,2
3,45000,1600,2,3,2,3
1,6000,500,1,3,2,1
1,5000,500,1,3,2,1
3,14000,1800,1,3,2,3
2,20000,900,2,3,2,2
1,11000,550,2,3,2,1
1,5500,600,1,3,1,1
3,55000,1800,2,3,1,3
2,15000,976,1,3,2,1
1,8500,350,1,3,2,1
2,15000,1100,2,3,2,2
2,12000,500,1,3,1,1
1,7500,600,2,3,2,1
2,16000,1100,1,3,2,2
2,20000,1150,2,3,2,2
2,14500,850,1,3,2,2
1,6000,600,1,3,2,1
2,14000,900,2,3,2,2
1,7000,300,1,3,2,1
2,27500,1130,1,3,2,2
2,18000,1200,1,3,1,2
2,10000,1000,1,3,2,2
3,31000,1700,1,3,2,3
2,15000,1100,2,3,2,2
1,11000,300,1,3,2,1
1,4500,600,1,3,1,1
1,10000,1000,1,3,2,2
2,10000,1200,1,3,1,2
1,9000,500,1,3,2,1
2,16000,1050,1,3,2,2
1,5000,350,2,3,1,1
2,10000,1000,1,3,2,2
1,15000,600,2,3,2,1
1,3500,150,1,3,1,1
2,16000,1400,1,3,2,2
2,17000,1387,1,3,2,3
3,30000,1350,1,3,2,2
2,12000,1020,2,3,1,2
1,9000,600,2,3,2,1
1,6000,400,1,3,2,1
1,20000,550,2,3,2,1
3,30000,1400,2,3,2,2
2,20000,1050,2,3,2,2
2,15000,800,1,3,1,2
2,20000,1100,1,3,1,2
3,25000,1500,1,3,2,2
1,9000,800,2,3,2,1
2,17000,800,2,3,2,1
2,16500,1200,1,3,2,2
1,7000,450,1,3,1,1
3,30000,1425,1,3,2,2
2,8500,720,1,3,2,2
1,8000,700,2,3,2,1
2,20000,1100,1,3,2,2
3,30000,1645,2,3,2,3
3,120000,3276,1,3,2,3
1,7000,500,1,3,1,1
2,10000,600,1,3,2,2
1,5000,600,1,3,2,1
3,30000,1893,1,3,2,4
1,6500,450,1,3,1,1
1,10000,650,2,3,2,1
1,18000,400,2,3,1,1
2,30000,1296,2,3,2,2
2,20000,1000,2,3,2,2
1,16500,600,2,3,1,1
1,15000,600,1,3,2,1
4,130000,4800,2,3,2,4
2,15000,1000,1,3,2,1
1,70000,800,2,3,1,1
1,22000,455,2,3,2,1
2,9750,575,2,3,2,2
2,23000,1066,1,3,1,2
2,12000,850,1,3,2,1
3,60000,1550,2,3,2,3
2,11000,1000,1,3,2,2
2,12000,800,1,3,2,1
1,11000,450,2,3,2,1
2,19000,1350,2,3,2,2
2,10000,1350,1,3,2,2
1,7500,600,1,3,2,1
3,55000,2150,1,3,2,3
2,11000,1080,1,3,2,2
3,50000,1450,1,3,2,3
2,13500,700,1,3,1,2
2,16500,1200,1,3,2,2
3,120000,2110,2,3,1,3
1,7000,500,1,3,2,1
2,10000,850,1,3,2,1
1,7000,400,1,3,1,1
1,18000,800,1,3,2,1
1,11000,600,1,3,2,1
1,9000,450,1,3,1,1
3,60000,2080,2,3,2,3
3,3500000,2500,2,3,2,3
2,12500,650,1,3,2,1
2,16000,1100,1,3,2,2
2,30000,1025,2,3,2,2
2,17000,1100,2,3,2,2
1,8000,350,1,3,1,1
2,16500,1050,1,3,2,2
2,13000,600,1,3,2,1
2,12000,800,1,3,2,2
2,17000,700,1,3,2,2
3,15000,750,1,3,2,2
3,35000,1600,1,3,2,3
2,13000,1180,2,3,2,2
2,12000,1400,1,3,2,2
1,10000,750,1,3,2,1
2,9000,580,2,3,2,1
1,6000,350,1,3,1,1
2,8900,1100,1,3,2,2
3,40000,1900,2,3,1,3
2,24000,1105,2,3,2,2
2,18500,1080,2,3,2,2
2,16000,1281,1,3,2,2
1,8000,600,1,3,2,1
2,15000,850,1,3,2,2
2,27000,1200,1,3,2,2
2,17000,900,1,3,2,2
3,50000,1250,2,3,2,3
2,14000,800,2,3,1,2
1,5000,500,1,3,1,1
2,8000,600,1,3,2,2
3,20000,904,1,3,2,2
2,15000,750,1,3,2,2
3,20000,1252,2,3,2,2
2,11000,1200,1,3,2,2
2,8500,440,1,3,2,2
3,22500,1600,2,3,2,3
2,15000,1200,1,3,2,2
2,11000,950,2,3,2,2
2,11000,800,1,3,1,2
2,9000,1000,2,3,2,1
3,120000,2770,1,3,2,3
2,15000,800,1,3,2,1
1,7000,400,1,3,2,1
1,5000,144,1,3,2,1
1,18000,600,1,3,2,1
3,45000,2200,2,3,2,3
2,21000,1005,2,3,2,3
2,10000,1200,1,3,2,2
2,15000,1180,1,3,2,2
2,11000,900,1,3,2,2
1,7500,500,2,3,2,1
3,22000,1100,2,3,2,2
2,17000,1100,1,3,2,2
1,6000,400,1,3,2,1
2,20000,1250,1,3,2,2
2,18000,600,1,3,1,2
2,13000,780,2,3,2,1
2,38000,1274,2,3,2,2
2,36000,1200,2,3,2,2
1,7500,400,1,3,1,1
1,9000,500,1,3,1,1
3,18000,1100,2,3,2,3
1,6500,700,1,3,1,1
2,6000,600,1,3,2,1
2,18000,1200,2,3,2,2
2,12000,900,1,3,2,2
3,75000,1850,2,3,2,3
2,25000,900,1,3,1,2
2,20000,1050,1,3,2,2
2,8000,1200,1,3,2,2
2,11000,600,1,3,1,2
3,65000,1480,2,3,2,2
1,6000,400,1,3,2,1
4,160000,4500,2,3,1,4
1,11000,600,1,3,2,1
2,20000,1100,1,3,1,2
1,5500,600,1,3,1,1
3,12000,1100,1,3,2,3
3,21500,1320,1,3,2,2
2,9300,500,1,3,1,1
1,6000,600,1,3,1,1
2,13000,650,1,3,1,1
1,7000,300,2,3,1,1
2,14000,1000,1,3,1,2
2,14000,1200,1,3,2,2
1,6000,650,1,3,2,1
1,12500,600,1,3,1,1
1,7000,400,2,3,2,1
2,13000,1000,1,3,2,2
2,20000,1100,2,3,2,2
2,24000,1300,1,3,1,2
1,6000,600,1,3,1,1
2,15000,800,1,3,2,2
2,20000,1115,1,3,2,2
2,17000,1060,2,3,1,2
3,35000,1278,1,3,2,2
3,22000,1500,1,3,2,3
2,18000,1000,2,3,2,2
4,120000,4105,2,3,2,4
2,10000,800,1,3,2,2
2,8000,500,1,3,2,1
2,9500,700,1,3,2,1
2,9000,1055,2,3,2,2
3,31000,1325,2,3,2,2
2,14000,950,1,3,1,2
1,7000,450,2,3,2,1
3,24000,1200,1,3,2,2
1,8000,400,2,3,2,1
1,22000,400,1,3,2,1
2,12000,600,1,3,2,2
1,5000,500,1,3,1,1
1,6000,400,1,3,1,1
2,30000,1100,1,3,2,2
2,12000,650,1,3,2,2
2,15000,600,1,3,2,2
2,14000,800,1,3,2,2
1,22000,460,2,3,2,1
2,40000,1380,2,3,2,2
1,12000,500,1,3,2,1
2,15000,825,1,3,1,2
2,9500,700,1,3,2,2
2,15000,1110,2,3,1,2
2,15000,800,1,3,2,2
2,10000,810,1,3,2,1
4,15000,1150,1,3,2,3
1,7000,700,1,3,2,1
1,10000,300,1,3,1,1
3,26969,1400,1,3,2,3
1,8000,450,2,3,1,1
3,52000,1603,2,3,2,3
3,30000,1500,1,3,2,2
1,6500,200,1,3,2,1
3,22000,1500,1,3,2,3
1,10000,600,1,3,2,1
1,6000,150,1,3,2,1
2,13000,750,1,3,2,2
2,18000,1300,1,3,2,2
4,30000,1900,1,3,1,3
2,10000,300,2,3,2,2
1,15000,700,1,3,2,2
2,70000,1325,2,3,2,2
2,19000,894,2,3,1,2
2,20000,1100,1,3,2,2
2,9000,600,1,3,1,2
1,5000,500,1,3,2,1
2,27500,1000,2,3,2,2
2,16000,850,1,3,2,2
1,12000,400,2,3,2,1
3,75000,2400,2,3,2,4
2,20000,1200,1,3,2,2
1,7000,500,1,3,1,1
1,11000,550,1,3,2,1
1,13500,450,2,3,2,1
1,17000,430,1,3,2,1
3,55000,2430,1,3,2,3
1,13000,500,1,3,2,2
2,11000,600,1,3,2,1
2,16000,805,2,3,2,2
2,23500,950,1,3,2,2
2,8500,1000,2,3,1,2
3,30000,1350,1,3,2,3
3,22000,1500,2,3,2,2
2,15000,1000,2,3,1,2
3,15000,800,1,3,2,3
2,10000,1000,2,3,1,1
2,12500,800,1,3,2,2
3,24000,1550,2,3,2,3
2,32000,1000,1,3,1,2
2,19000,800,1,3,1,2
1,9000,700,1,3,2,1
2,5500,500,1,3,2,2
1,15000,500,2,3,2,1
2,14000,900,1,3,2,2
3,27000,1200,1,3,1,2
2,14000,1000,1,3,2,2
3,43000,1680,2,3,1,3
2,30000,1100,2,3,2,2
2,50000,1200,2,3,2,1
1,15000,900,2,3,2,2
3,25000,1600,2,3,2,3
2,25500,1475,2,3,2,2
1,6000,300,1,3,1,1
1,5000,400,1,3,1,1
1,10000,550,1,3,2,1
1,15000,400,1,3,1,1
1,5000,500,1,3,1,1
3,17000,1200,1,3,1,3
2,14000,1300,1,3,2,2
3,35000,2100,1,3,2,3
2,35000,800,2,3,2,1
2,16000,800,2,3,2,1
4,130000,4341,2,3,2,4
2,35000,1300,1,3,2,2
1,10000,400,2,3,2,1
2,12000,800,1,3,1,2
2,10500,1000,1,3,1,1
1,8000,400,1,3,2,1
2,15000,1100,2,3,2,2
2,25000,1200,2,3,2,2
2,9000,600,1,3,2,2
2,30000,1700,1,3,2,2
2,22000,846,2,3,2,2
2,14000,1100,1,3,1,2
2,12000,700,2,3,2,1
2,10000,110,2,3,1,2
3,25000,900,1,3,2,3
1,25000,420,2,3,2,1
2,16000,800,1,3,2,2
3,60000,1500,2,3,2,3
1,7000,900,1,3,2,1
3,21000,1600,1,3,2,3
4,250000,5700,2,3,2,4
1,19000,625,2,3,1,1
4,42500,1760,2,3,1,3
2,11000,600,1,3,2,1
2,18000,1200,1,3,2,2
1,4300,300,1,3,1,1
2,9000,900,1,3,2,1
1,7000,450,1,3,2,1
2,15000,1050,2,3,2,2
1,4800,580,1,3,2,1
2,15000,600,2,3,1,2
1,18000,550,2,3,2,1
2,22500,1115,1,3,2,2
1,9500,300,2,3,2,1
2,12000,1200,2,3,2,2
1,9000,900,2,3,2,1
3,25000,1400,1,3,2,3
1,9000,400,1,3,2,1
2,11000,900,1,3,2,1
1,12500,500,1,3,2,1
3,21000,1360,1,3,2,2
3,17681,1110,1,3,2,2
3,28000,2400,1,3,2,3
3,30000,1700,2,3,2,3
2,25000,980,1,3,2,2
2,13000,600,1,3,2,2
2,8000,200,2,3,2,2
3,35000,1300,2,3,2,2
1,8000,750,1,3,1,1
2,10000,850,1,3,1,2
1,11500,600,1,3,2,1
4,140000,3100,1,3,2,4
2,6000,660,1,3,1,1
2,11000,600,2,3,2,1
1,4000,250,1,3,1,1
2,14000,1200,1,3,1,2
2,24000,630,2,3,2,2
2,11000,840,1,3,2,1
2,10000,500,2,3,1,1
3,62000,1680,2,3,2,3
2,12000,775,2,3,2,1
2,18000,1000,1,3,2,2
2,17500,900,1,3,2,2
1,6500,500,1,3,2,1
1,16000,550,2,3,2,1
3,30000,1250,2,3,2,3
2,28000,850,2,3,2,2
1,6500,150,1,3,2,1
1,9000,445,2,3,2,1
2,8500,500,2,3,2,2
2,20000,750,2,3,2,2
3,26000,2000,2,3,2,2
1,8000,500,1,3,2,1
1,8500,730,1,3,2,1
2,12500,750,1,3,2,2
1,8000,600,1,3,2,1
3,52000,2710,1,3,2,3
2,18000,1190,2,3,2,2
1,15000,435,2,3,2,1
2,12000,750,1,3,1,2
3,100000,1800,2,3,2,3
1,6000,1200,2,3,2,1
2,12000,600,1,3,2,1
1,6500,450,1,3,1,1
3,13500,1100,1,3,1,3
1,10000,700,1,3,1,1
2,8500,650,2,3,2,2
3,32000,1768,1,3,2,3
3,42000,1600,2,3,2,3
1,7500,400,1,3,2,1
2,16000,1200,1,3,2,2
1,5000,500,1,3,2,1
2,14000,700,1,3,1,2
4,60000,2500,1,3,2,4
1,8500,500,1,3,2,1
1,10000,500,2,3,2,1
1,8500,500,1,3,2,1
2,15000,1280,2,3,1,2
2,9500,200,2,3,2,1
2,25000,750,2,3,1,2
2,14000,900,1,3,2,2
3,20000,1200,1,3,2,2
1,10000,800,1,3,1,1
2,10000,500,2,3,1,1
2,13000,1000,1,3,2,2
2,13000,850,2,3,2,2
2,24000,900,2,3,2,2
1,10000,600,1,3,2,1
1,8000,600,1,3,1,1
1,6000,600,1,3,1,1
3,21000,1250,1,3,2,2
3,25000,2000,1,3,2,3
2,8500,532,2,3,1,1
2,13000,1000,1,3,1,2
1,5000,150,1,3,1,1
1,7500,500,1,3,2,1
1,13900,600,2,3,2,1
2,15000,1100,2,3,2,2
3,30000,1500,2,3,2,3
2,13000,500,2,3,2,1
1,7700,600,2,3,2,1
2,25000,1200,1,3,1,1
2,17000,1100,1,3,2,2
3,39000,1550,2,3,2,3
2,18000,1050,2,3,2,2
1,15000,500,1,3,2,1
2,28000,1500,1,3,2,2
2,17500,1150,2,3,2,2
4,75000,2000,1,3,2,3
2,14000,110,2,3,2,1
1,9000,500,1,3,2,1
3,20000,1465,1,3,2,3
2,12000,940,2,3,2,2
2,12000,850,1,3,2,1
2,24000,990,2,3,2,2
2,12000,750,1,3,2,2
1,10000,500,1,3,2,1
3,24000,1430,1,3,2,2
1,9000,600,2,3,2,1
2,12000,900,2,3,2,1
2,11000,1100,1,3,2,2
2,15000,900,2,3,2,1
1,5500,600,1,3,2,1
2,18000,1000,2,3,2,2
2,42000,1150,2,3,2,2
2,18000,1250,1,3,2,2
2,15000,1000,1,3,2,2
1,6000,500,1,3,2,1
3,30000,2000,1,3,2,3
2,12000,850,1,3,2,2
2,10000,990,2,3,2,2
2,9500,850,2,3,2,1
2,16000,1000,1,3,2,2
2,9500,650,1,3,2,2
1,6500,400,2,3,2,1
2,13500,1000,2,3,2,2
2,25000,1350,1,3,2,2
2,9500,600,1,3,2,2
4,190000,4000,1,3,2,5
2,90000,950,2,3,1,2
2,24000,777,2,3,2,2
3,15000,1200,2,3,2,2
2,22000,1600,1,3,2,3
3,34000,1500,2,3,2,3
2,12500,570,1,3,2,2
3,28000,1800,2,3,2,3
2,12000,1100,1,3,2,1
1,8000,400,1,3,1,1
1,7500,750,2,3,2,1
2,34000,1400,2,3,2,2
3,32000,1789,1,3,2,3
2,14500,650,2,3,2,1
2,16000,1200,1,3,2,2
1,7500,460,1,3,2,1
2,7500,500,2,3,2,1
2,19500,1080,2,3,2,2
3,75000,2000,2,3,2,2
2,16500,1100,1,3,2,2
2,14500,1025,1,3,1,2
2,16000,650,2,3,1,2
2,8000,800,1,3,2,1
3,280000,2800,2,3,2,3
2,21000,1100,2,3,2,2
3,30000,1300,2,3,2,3
3,65000,2000,1,3,2,3
3,180000,2500,2,3,1,3
2,10000,600,1,3,2,2
2,12000,630,1,3,2,2
2,9000,550,1,3,1,2
2,22000,1025,1,3,2,2
1,10000,500,2,3,2,1
3,48000,1286,2,3,2,3
1,11000,800,1,3,2,1
2,11000,900,1,3,2,2
3,40000,1618,1,3,2,3
1,10000,500,1,3,2,1
1,6500,450,2,3,2,1
2,18000,850,1,3,2,2
3,22000,1374,1,3,2,2
3,28000,1600,1,3,2,3
1,6200,400,1,3,2,1
3,110000,1500,2,3,2,3
2,5500,800,1,3,1,1
3,50000,1580,2,3,1,3
2,12000,700,2,3,2,1
2,11500,700,1,3,2,1
1,16000,550,2,3,2,1
1,11000,450,2,3,2,1
4,150000,4550,1,3,2,5
1,9000,400,1,3,2,1
1,6000,650,1,3,2,1
2,12000,700,1,3,2,2
2,16000,1333,1,3,1,2
3,35000,1500,2,3,2,2
1,9000,425,2,3,2,1
1,8000,300,1,3,1,1
2,13500,650,2,3,1,2
2,14000,800,1,3,2,2
2,14000,1200,2,3,2,2
1,4700,500,1,3,1,1
2,17000,1000,1,3,2,2
2,11000,600,1,3,2,2
1,12000,600,1,3,2,1
3,30000,1875,1,3,2,2
2,12000,1000,1,3,2,2
3,21000,1300,1,3,2,2
1,6000,350,1,3,1,1
2,18500,900,1,3,1,2
1,4750,200,2,3,2,1
2,15000,700,1,3,2,2
2,17600,1000,2,3,2,2
3,35000,1700,2,3,2,3
2,8000,600,1,3,2,1
1,7000,650,1,3,2,1
2,15000,750,1,3,2,1
3,30000,1750,1,3,2,3
3,100000,1950,2,3,2,3
2,18000,1065,2,3,2,2
2,8000,600,1,3,2,1
2,9000,600,1,3,2,1
1,6000,500,1,3,1,1
2,7500,600,1,3,2,1
1,15000,600,2,3,2,1
2,10000,900,2,3,2,1
2,14000,500,1,3,2,2
1,7000,600,1,3,1,1
3,60000,1710,2,3,1,3
1,6000,600,1,3,1,1
3,17000,1100,2,3,2,2
2,15000,920,1,3,2,2
1,8200,750,1,3,2,1
1,8500,300,1,3,2,1
3,20000,1660,2,3,2,2
1,8000,400,1,3,2,1
2,20000,300,1,3,2,1
1,11500,300,2,3,1,1
3,30000,2000,2,3,2,2
3,22000,1200,2,3,2,3
1,6500,300,1,3,2,1
1,6500,700,1,3,1,1
2,16000,850,1,3,2,3
1,24000,700,2,3,2,1
1,15000,455,2,3,2,1
2,18000,1000,2,3,2,2
1,8500,600,1,3,2,1
1,4000,250,1,3,1,1
1,5000,400,1,3,1,1
2,22000,1200,2,3,2,2
1,12000,500,2,3,2,1
1,9000,350,1,3,1,1
2,7500,1100,1,3,2,2
2,30000,1650,1,3,1,3
4,14000,1000,1,3,2,2
2,9250,500,1,3,2,1
1,13000,700,1,3,2,2
2,12000,1200,1,3,1,2
1,12000,600,1,3,1,1
2,10000,925,1,3,1,2
3,60000,2400,2,3,2,3
3,35000,1500,2,3,2,3
2,12000,600,1,3,1,2
1,14000,435,2,3,2,1
1,8000,650,2,3,2,1
2,11000,700,2,3,2,2
2,20000,890,2,3,2,2
1,12500,600,1,3,2,1
2,35000,1250,2,3,2,2
3,26000,1350,2,3,2,2
3,85000,2600,2,3,2,4
1,14000,440,2,3,2,1
2,22000,1150,2,3,2,2
1,7000,450,1,3,2,1
2,16000,1150,1,3,2,2
2,11000,600,2,3,1,1
2,20000,980,2,3,2,2
3,60000,1850,2,3,2,3
2,5000,625,2,3,2,2
1,4000,100,1,3,2,2
2,15000,1200,2,3,2,1
3,18000,1200,2,3,2,2
2,12000,1080,2,3,2,1
1,8500,700,1,3,2,1
2,11000,800,1,3,1,2
3,42000,1880,1,3,2,2
2,25000,1305,1,3,2,2
1,8500,600,1,3,2,1
2,12500,950,1,3,2,2
2,18000,1188,1,3,1,2
1,6000,500,1,3,1,1
2,9000,875,1,3,2,2
3,54000,2100,2,3,1,3
3,22000,1200,1,3,2,2
3,120000,2390,1,3,2,3
1,7000,600,1,3,2,1
2,28000,1150,2,3,2,2
3,55000,1788,2,3,2,3
2,19000,1250,1,3,2,2
1,11000,600,2,3,2,1
3,18000,1600,1,3,2,2
3,70000,1520,2,3,2,4
1,12000,550,2,3,2,1
2,18000,1100,1,3,2,2
2,30000,1100,2,3,2,2
2,10000,1100,1,3,2,2
1,6000,400,1,3,1,1
1,4500,300,1,3,2,1
1,8000,500,1,3,2,1
2,20000,1100,2,3,2,2
2,17500,1000,2,3,1,2
2,22000,850,1,3,2,2
2,17000,1020,1,3,2,2
2,22000,1250,1,3,1,2
3,24000,1400,1,3,2,3
1,12000,600,1,3,1,1
1,4500,200,1,3,1,1
1,5000,300,1,3,1,1
1,6000,400,1,3,2,1
1,11000,450,1,3,2,1
2,20000,1180,1,3,2,2
3,35000,1460,2,3,1,3
3,24000,1464,2,3,2,3
2,10000,700,2,3,2,2
2,16000,680,2,3,2,2
3,100000,2750,2,3,2,4
2,14000,800,1,3,2,1
2,7500,600,2,3,1,1
3,16000,1200,2,3,1,3
4,65000,3200,2,3,2,3
2,18000,1800,1,3,2,2
1,8000,500,1,3,2,1
2,11000,1200,1,3,1,2
1,8000,750,1,3,1,1
1,13000,700,1,3,2,2
2,30000,1000,2,3,1,2
2,14000,800,1,4,2,2
1,20000,200,1,4,2,1
3,80000,1800,2,4,2,3
1,9500,400,2,4,1,1
3,14000,600,2,4,1,3
3,65000,1550,2,4,2,3
2,18500,650,2,4,1,2
2,40000,850,2,4,1,2
4,90000,2000,2,4,1,4
1,3500,180,1,4,1,1
3,25000,140,2,4,2,2
1,9000,450,2,4,2,1
3,90000,2500,2,4,2,3
1,22000,720,2,4,1,1
2,12000,400,2,4,1,1
2,11000,450,2,4,1,1
1,20000,250,2,4,2,1
4,260000,3000,1,4,2,5
2,11000,550,2,4,1,2
2,10000,450,2,4,1,1
3,60000,2500,2,4,1,3
4,350000,800,1,4,1,4
2,16000,100,1,4,1,2
1,16000,400,2,4,2,1
2,12000,750,2,4,2,2
1,8000,400,2,4,2,1
3,14000,1100,2,4,2,2
1,14900,450,2,4,2,1
2,15000,850,2,4,1,2
3,10000,600,2,4,2,1
2,40000,750,2,4,1,2
1,9000,500,2,4,2,1
1,7000,350,2,4,2,1
2,13500,623,2,4,2,1
3,95000,2400,2,4,2,3
1,20000,75,2,4,1,1
2,7500,450,2,4,2,1
2,9000,445,2,4,1,2
3,80000,300,2,4,2,3
3,50000,1670,1,4,2,3
1,13000,550,2,4,2,1
1,12000,350,2,4,2,1
2,16000,650,2,4,2,2
2,13000,70,1,4,2,1
2,29000,100,2,4,2,2
3,18000,800,1,4,1,1
2,8500,60,1,4,1,1
3,27000,2000,2,4,2,2
2,18000,600,2,4,1,2
1,11500,450,2,4,2,1
2,80000,2200,2,4,1,3
2,15500,600,2,4,1,2
4,55000,2000,2,4,2,3
2,20000,800,1,4,2,2
3,35000,170,2,4,1,2
2,38000,150,2,4,1,2
2,16000,650,2,4,1,2
3,50000,1250,2,4,2,3
1,9500,600,1,4,2,2
4,90000,2100,2,4,2,4
1,10000,450,1,4,1,1
2,25000,100,2,4,1,2
1,30000,650,1,4,2,1
2,12000,48,1,4,1,2
2,16500,550,2,4,2,2
1,4500,240,1,4,1,1
2,30000,700,2,4,2,2
1,12000,48,1,4,2,1
2,23000,100,1,4,1,2
3,70000,1901,1,4,2,3
1,5500,50,2,4,1,1
3,35000,1300,2,4,2,3
2,9000,145,1,4,1,2
2,22000,800,2,4,1,3
3,35000,1100,1,4,2,4
1,12000,450,1,4,2,1
2,6000,300,2,4,1,1
2,22000,1040,2,4,2,3
1,5000,25,2,4,1,1
2,20500,900,1,4,2,2
2,7500,1100,1,4,1,1
2,5500,380,1,4,1,2
3,25000,450,2,4,2,2
1,13000,550,2,4,2,1
1,5000,180,1,4,2,1
3,40000,1650,2,4,2,2
1,12500,250,1,4,2,1
1,6000,400,2,4,1,1
2,15500,900,2,4,2,2
3,75000,1900,1,4,2,3
3,36000,892,2,4,1,2
1,13000,400,2,4,2,1
3,45000,100,2,4,1,2
2,2000,60,1,4,1,1
2,28000,80,1,4,2,2
2,9000,450,2,4,2,1
1,12000,520,2,4,2,1
1,13000,350,1,4,2,1
2,11000,600,2,4,2,2
3,35000,950,2,4,2,2
2,10000,450,2,4,2,1
1,20000,450,2,4,2,1
2,25000,850,2,4,2,2
1,8000,200,2,4,1,1
4,150000,3000,2,4,2,4
3,36000,1500,2,4,2,3
2,12000,700,1,4,1,2
1,8500,530,1,4,1,1
3,17000,800,2,4,1,2
1,7500,45,1,4,2,1
1,16000,900,1,4,2,1
1,9000,450,1,4,1,1
2,8000,650,1,4,1,1
2,45000,900,1,4,2,2
2,27000,900,2,4,2,2
2,14000,120,1,4,2,2
2,14000,600,2,4,1,2
2,14000,615,2,4,1,2
1,7500,225,2,4,2,1
1,10000,800,2,4,1,1
1,7000,400,2,4,2,1
1,25000,800,1,4,2,2
2,9000,60,1,4,2,1
3,22000,1000,1,4,1,2
3,10000,75,1,4,1,1
3,11000,800,1,4,1,2
1,12500,200,1,4,2,1
3,15000,800,2,4,1,2
2,35000,80,1,4,1,2
2,35000,900,1,4,1,2
2,52000,1125,1,4,2,2
3,15000,900,1,4,1,2
2,32000,1100,2,4,1,2
1,11500,400,2,4,1,1
3,45000,713,2,4,2,3
2,16000,700,2,4,1,1
2,20000,1000,2,4,2,2
1,7000,54,1,4,2,1
3,85000,200,2,4,1,3
1,15000,200,1,4,2,1
2,22000,800,1,4,2,2
2,32000,1000,1,4,1,2
2,20000,500,2,4,2,2
1,35000,300,1,4,2,1
2,35000,900,2,4,1,2
3,65000,240,2,4,1,3
2,15000,650,2,4,2,2
3,12000,950,2,4,2,2
1,8000,500,1,4,2,1
1,11000,500,1,4,2,1
2,12000,450,1,4,2,2
4,140000,2800,2,4,2,4
2,24000,150,1,4,2,1
1,20000,400,2,4,2,1
3,16000,100,1,4,2,2
1,15000,400,2,4,2,1
2,28500,900,2,4,2,2
3,30000,1350,1,4,2,3
1,16000,500,1,4,2,1
3,80000,1700,2,4,2,3
1,11000,400,2,4,1,1
2,21000,110,1,4,2,1
3,10500,1200,1,4,2,2
2,15000,50,2,4,2,2
3,16000,100,1,4,2,2
2,45000,1000,1,4,2,2
1,6000,63,1,4,2,1
3,40000,1800,1,4,2,2
2,36000,1440,2,4,2,2
2,12000,55,1,4,1,2
3,45000,1500,2,4,1,3
2,20000,400,1,4,1,1
3,10000,100,2,4,2,2
2,5000,500,1,4,1,1
2,8000,100,1,4,1,2
2,13000,455,1,4,1,1
2,15000,80,2,4,2,1
2,7500,450,1,4,1,1
1,6000,400,1,4,1,1
4,100000,300,1,4,1,4
2,12000,700,1,4,2,2
2,10000,600,1,4,2,2
2,10000,800,1,4,2,2
2,12000,950,1,4,1,2
2,15000,450,1,4,2,1
1,10000,450,2,4,1,1
2,12000,68,1,4,1,1
2,14500,850,2,4,1,2
2,18500,1000,1,4,2,2
1,24000,600,2,4,2,1
2,11000,65,1,4,1,1
3,52000,1700,2,4,2,3
3,70000,1800,2,4,2,3
2,12000,1000,1,4,2,1
2,22000,900,2,4,2,2
4,200000,2300,1,4,2,4
2,20000,75,1,4,1,2
3,45000,200,2,4,2,3
1,8000,200,2,4,1,1
1,8000,200,2,4,1,1
2,9500,450,2,4,2,1
2,25000,750,2,4,2,2
2,12000,400,2,4,1,1
2,24000,84,2,4,2,2
2,27000,90,1,4,1,2
2,18000,90,1,4,2,2
2,17000,500,1,4,2,2
2,15000,75,1,4,1,2
1,13000,512,2,4,2,1
3,70000,1500,2,4,2,3
1,14000,446,1,4,1,1
3,32000,1100,1,4,2,2
1,4000,125,1,4,1,1
3,100000,1800,1,4,2,3
3,20000,1300,1,4,1,2
3,30000,2000,1,4,2,2
2,150000,1200,2,4,2,2
3,19500,125,1,4,1,2
2,18000,730,2,4,1,2
2,25000,160,2,4,2,2
2,18000,1000,1,4,1,2
1,10000,450,1,4,2,1
2,12000,75,1,4,2,2
3,25000,2000,1,4,2,3
4,40000,2400,1,4,1,3
2,30000,1800,1,4,2,2
3,29000,1800,1,4,1,3
3,35000,2200,1,4,1,3
3,21000,2200,2,4,2,2
3,31000,900,2,4,2,2
2,8000,75,1,4,1,1
2,15500,75,1,4,2,2
3,32000,1800,2,4,2,3
3,30000,160,2,4,2,3
4,42000,2700,2,4,2,4
3,20500,1050,2,4,2,2
3,60000,1800,1,4,2,3
2,95000,2700,1,4,2,2
1,16000,499,2,4,2,1
1,8500,450,2,4,1,1
1,14000,60,1,4,1,1
3,140000,2200,1,4,1,3
2,8000,130,1,4,1,1
3,12500,650,1,4,2,1
2,14000,100,1,4,1,1
2,6000,45,1,4,1,1
2,10000,600,1,4,1,2
3,15000,800,1,4,1,1
3,8000,1500,2,4,1,3
1,10000,30,1,4,2,1
1,8500,55,1,4,1,1
2,25000,900,2,4,2,2
2,13000,1000,2,4,1,1
1,6000,360,1,4,2,1
1,7000,450,1,4,2,1
2,22000,900,1,4,2,2
2,40000,1100,1,4,2,2
2,22000,700,1,4,2,2
1,4500,400,1,4,1,1
3,15000,950,1,4,1,2
3,130000,3000,1,4,2,4
2,23000,950,2,4,1,2
3,45000,1100,1,4,2,3
1,15000,497,2,4,1,1
3,13000,100,1,4,2,2
2,10000,70,1,4,2,2
2,10000,55,1,4,1,2
1,6500,300,1,4,1,1
1,7000,400,2,4,1,1
2,7000,500,1,4,2,2
4,17401,650,1,4,2,2
1,5500,630,1,4,2,1
1,20000,450,1,4,1,1
2,7000,500,1,4,2,1
2,13000,95,1,4,2,1
4,60000,272,2,4,2,3
2,17000,800,2,4,1,2
2,16000,50,1,4,1,2
1,9500,400,1,4,2,1
1,5000,450,1,4,1,1
3,27000,1800,2,4,2,3
3,29000,1800,2,4,2,3
3,29000,2000,2,4,2,3
4,37000,2700,2,4,2,4
4,36000,2700,2,4,2,3
3,35000,1800,2,4,2,3
4,42000,2700,2,4,2,4
3,37000,1800,2,4,2,3
3,30000,1800,2,4,2,3
3,20000,1200,1,4,2,2
1,8500,600,2,4,2,1
1,11000,350,1,4,2,1
2,14000,100,1,4,2,2
3,55000,1800,2,4,1,3
2,25000,900,2,4,2,2
3,20500,1150,2,4,1,2
4,28000,1400,2,4,2,2
1,5000,500,1,4,2,1
4,35000,300,2,4,2,3
3,30000,1800,2,4,2,3
1,10000,500,2,4,1,1
1,11000,500,1,4,1,1
2,17000,80,1,4,2,2
2,35000,1000,1,4,2,2
3,30000,1600,1,4,1,2
4,30000,1800,1,4,2,4
2,13000,400,2,4,2,2
2,13000,900,1,4,2,2
1,11000,480,2,4,1,1
1,13000,180,2,4,1,1
2,33000,1000,2,4,1,2
3,25000,1120,1,4,1,2
3,70000,1800,2,4,2,3
3,30000,1200,2,4,2,2
1,9000,550,1,4,2,1
2,14500,1400,1,4,1,1
3,50000,1600,2,4,2,2
1,20000,650,2,4,2,1
4,15000,120,1,4,2,4
2,7500,450,2,4,1,1
1,13500,520,1,4,2,1
1,14000,850,1,4,2,1
2,18000,850,2,4,2,2
2,14000,585,2,4,2,1
3,65000,1600,2,4,2,2
2,22000,950,1,4,1,2
1,4000,120,1,4,1,1
2,10000,500,1,4,2,1
1,7500,200,2,4,1,1
1,17000,550,1,4,2,1
1,18000,650,2,4,2,1
4,70000,2800,2,4,1,4
1,10000,50,1,4,2,1
2,15000,550,2,4,1,1
2,16500,90,1,4,2,2
3,100000,2925,1,4,2,3
1,7500,150,2,4,2,1
2,6000,450,1,4,1,1
2,18000,750,2,4,1,2
2,18000,975,1,4,2,1
3,8000,106,1,4,2,1
2,14000,750,1,4,2,2
2,11000,80,1,4,2,2
3,25000,96,1,4,1,2
1,9000,500,1,4,1,1
3,47000,1550,2,4,2,2
2,20000,1000,1,4,2,2
1,6000,400,1,4,1,1
1,5000,450,1,4,1,1
2,20000,1000,1,4,2,1
1,10000,450,1,4,1,1
3,15000,100,1,4,2,2
2,13500,550,2,4,2,2
1,5500,400,1,4,2,1
1,14000,60,1,4,2,1
4,18000,900,1,4,1,2
1,20000,700,1,4,2,1
2,9300,500,1,4,1,1
3,80000,2000,2,4,2,3
2,7500,400,2,4,2,1
3,30000,1500,2,4,1,2
2,13000,70,1,4,1,1
2,8500,60,1,4,1,2
3,44300,200,2,4,2,3
2,45000,1650,2,4,2,2
2,30000,1150,2,4,1,2
2,40000,1800,2,4,2,2
4,530000,4000,2,4,2,5
2,12000,900,1,4,1,1
2,13500,700,1,4,1,1
2,30000,900,1,4,1,2
1,9500,400,1,4,2,1
4,200000,2700,2,4,1,4
3,30000,2000,1,4,1,3
2,9000,450,1,4,1,1
2,13000,400,2,4,1,1
2,7000,500,1,4,2,1
1,18000,450,2,4,2,1
1,3500,350,1,4,1,1
4,65000,272,2,4,1,4
1,19000,545,1,4,2,1
2,23000,84,1,4,2,2
1,12000,600,1,4,2,1
2,15000,75,1,4,1,2
3,38000,165,2,4,2,2
3,50000,1100,2,4,1,3
1,6500,500,1,4,1,1
3,35000,150,2,4,2,3
2,15000,70,1,4,2,2
3,30000,250,1,4,2,2
2,10000,70,1,4,1,2
1,18000,300,2,4,2,1
3,30000,1800,2,4,2,3
1,16000,400,2,4,2,1
3,22000,1250,1,4,2,2
2,9000,480,1,4,2,1
2,20200,84,2,4,2,2
2,19500,84,2,4,2,2
2,21000,600,2,4,2,2
2,20000,600,2,4,2,2
2,13000,720,1,4,2,2
2,6500,75,2,4,1,1
3,25000,1000,1,4,1,2
2,20000,900,2,4,2,2
2,33000,2200,2,4,2,2
3,18000,900,2,4,2,1
1,13000,550,2,4,2,1
2,10000,450,1,4,2,1
2,10000,470,1,4,2,2
3,23000,125,1,4,2,2
1,20000,400,2,4,2,1
4,150000,2600,2,4,2,4
3,25000,1500,2,4,2,3
2,21000,80,1,4,2,1
3,30000,1100,2,4,2,2
2,22000,1000,1,4,2,2
2,14000,800,1,4,1,2
2,7000,50,1,4,2,1
2,18500,1000,1,4,2,2
1,8500,550,2,4,1,1
1,8000,450,2,4,1,1
2,10000,670,1,4,2,2
2,15000,700,1,4,2,1
3,37000,125,1,4,2,2
3,90000,1872,1,4,2,3
2,12000,650,2,4,1,1
2,13000,550,2,4,1,2
2,22000,84,2,4,2,2
1,4000,90,1,4,1,2
2,12000,1000,1,4,1,2
1,9000,65,1,4,1,1
2,14000,75,1,4,1,1
1,15000,250,2,4,2,1
2,12500,900,1,4,1,2
3,30000,900,2,4,2,3
2,9500,650,1,4,1,2
2,15000,900,1,4,2,2
1,12000,800,1,4,2,1
1,8000,410,2,4,1,1
3,70000,1500,1,4,2,3
4,250000,2800,2,4,1,4
3,31500,1800,2,4,2,2
2,30000,1400,2,4,2,2
3,60000,1600,1,4,2,3
3,35000,1200,2,4,2,2
3,55000,1150,2,4,1,3
2,20000,110,1,4,2,1
1,6500,300,1,4,2,1
2,17000,750,2,4,2,2
1,9300,450,2,4,2,1
2,7500,410,1,4,1,1
2,20000,800,1,4,2,1
3,18000,120,1,4,2,3
1,15000,650,2,4,2,1
2,13000,400,2,4,1,1
2,20000,810,1,4,2,2
3,12000,700,1,4,2,2
2,40000,1125,1,4,2,2
2,8000,600,1,4,1,2
3,95000,1300,2,4,2,3
3,68000,1450,2,4,2,3
3,18000,110,1,4,1,2
4,130000,3500,2,4,2,6
4,150000,4000,2,4,2,7
3,75000,2500,2,4,2,4
4,110000,3000,2,4,2,5
4,150000,3500,2,4,2,6
1,10000,240,1,4,2,1
3,24000,1250,2,4,1,2
3,28000,1000,1,4,2,2
3,28000,900,2,4,1,2
2,18000,900,2,4,2,2
3,27000,1250,2,4,1,3
2,17000,650,2,4,1,2
3,350000,3200,1,4,2,4
2,25000,900,1,4,2,1
3,16500,1250,2,4,1,2
2,14000,60,2,4,2,2
2,18000,90,1,4,1,2
2,10000,55,1,4,1,1
2,10000,50,1,4,1,1
4,100000,400,2,4,1,4
2,25000,680,2,4,2,1
2,22999,756,2,4,2,2
2,6000,500,1,4,1,1
2,40000,900,2,4,2,2
3,250000,2000,1,4,2,3
1,13000,40,2,4,2,1
1,14000,100,1,4,2,1
2,20000,950,2,4,2,2
1,5500,200,2,4,2,1
2,32000,900,2,4,2,2
2,8000,750,1,4,2,1
3,25000,1400,2,4,1,3
2,28000,100,2,4,2,2
2,22000,100,1,4,2,2
1,21000,100,1,4,2,1
2,30000,1000,1,4,2,2
1,12000,400,2,4,1,1
1,15000,70,1,4,1,1
1,18000,450,2,4,2,1
2,18000,900,2,4,1,1
1,10000,42,1,4,2,1
1,16000,400,2,4,2,1
2,20000,900,2,4,2,2
4,28000,1500,2,4,2,2
1,7000,70,1,4,2,1
2,30000,450,2,4,2,1
2,15000,900,2,4,2,1
1,8000,500,2,4,1,1
1,9000,400,2,4,1,2
3,33500,150,2,4,2,2
1,9500,450,2,4,1,1
2,10000,540,1,4,1,1
1,20000,400,2,4,2,1
1,10000,450,2,4,1,1
1,15000,700,1,4,1,1
3,55000,1450,2,4,2,2
2,20000,1000,2,4,2,2
2,16000,550,2,4,2,2
2,23000,900,2,4,2,2
3,150000,300,1,4,2,3
2,25000,1100,1,4,1,2
1,9000,600,2,4,2,1
1,11000,450,1,4,2,1
2,11500,550,2,4,1,1
3,16000,1000,1,4,1,2
3,23000,1250,2,4,1,2
4,30000,1950,2,4,2,4
3,110000,1750,2,4,2,4
1,3500,25,1,4,1,1
2,12100,700,2,4,1,1
2,19000,1800,2,4,1,1
2,40000,1000,1,4,2,2
2,8000,200,1,4,1,1
3,42000,1700,2,4,2,3
3,13000,70,1,4,2,2
3,44000,1700,2,4,2,3
1,11000,450,2,4,2,1
3,40000,1350,2,4,2,3
4,150000,2550,1,4,2,4
2,13000,650,2,4,1,2
2,17500,650,2,4,2,2
3,14500,1250,2,4,1,3
3,24000,1250,2,4,1,2
3,30000,1000,2,4,1,2
1,10000,500,1,4,2,1
1,10000,500,2,4,2,1
3,90000,1550,2,4,2,3
4,280000,3800,2,4,2,5
2,32000,1150,1,4,1,2
3,80000,2000,2,4,1,3
1,5500,30,2,4,2,1
1,6000,50,2,4,2,1
3,30000,1205,1,4,2,2
3,42000,1450,2,4,2,2
1,5500,200,1,4,1,1
2,7000,350,1,4,2,2
2,10000,700,1,4,1,1
1,17000,400,2,4,2,1
1,18000,700,1,4,2,1
2,14000,1000,2,4,2,2
1,17000,450,2,4,2,1
3,27000,1200,1,4,2,2
3,25000,1200,2,4,2,2
2,23000,900,1,4,2,2
2,24500,84,2,4,2,2
1,10000,200,2,4,1,1
2,35000,1300,1,4,1,2
2,27000,1300,2,4,2,2
1,7000,200,2,4,1,1
1,5000,300,2,4,2,1
2,5000,550,2,4,1,1
2,12000,950,1,4,2,1
2,30000,750,2,4,2,2
2,25000,950,2,4,2,2
1,6000,350,2,4,2,1
3,45000,2000,1,4,1,3
3,40000,180,2,4,1,3
2,8500,60,1,4,2,1
2,16500,950,2,4,1,1
3,100000,1400,2,4,2,3
3,52000,200,2,4,1,2
1,12500,450,2,4,2,1
2,14000,600,1,4,1,2
1,15000,350,1,4,1,1
1,5000,300,2,4,2,1
2,40000,95,2,4,2,2
1,17000,550,1,4,2,1
3,15000,900,1,4,2,3
1,6000,25,1,4,2,1
3,85000,325,2,4,1,3
2,18000,80,1,4,2,2
2,7500,77,1,4,1,1
2,10000,60,1,4,2,1
1,9000,100,1,4,2,1
3,24000,1300,1,4,2,2
2,12000,500,2,4,2,2
2,10500,500,2,4,2,2
2,31000,1200,1,4,2,2
1,9000,250,1,4,2,1
2,9000,700,1,4,2,1
3,27000,1050,2,4,1,2
2,12500,500,2,4,2,2
2,15000,1100,1,5,2,2
2,6500,1000,1,5,2,2
3,90000,2400,2,5,2,3
3,200000,3000,1,5,2,4
1,15000,650,2,5,2,1
2,15000,1000,2,5,2,2
2,7600,700,1,5,1,2
3,29000,1200,2,5,2,3
3,20000,1710,1,5,2,3
2,12000,600,1,5,2,2
2,10500,1080,1,5,1,2
2,29000,1300,1,5,2,2
2,26000,1027,1,5,2,2
3,25000,1350,1,5,2,3
2,10000,950,1,5,1,2
2,14000,1300,1,5,1,2
2,6000,600,1,5,1,1
3,40000,1428,1,5,1,2
2,23000,920,2,5,2,2
2,10000,600,2,5,2,2
2,10000,810,2,5,1,1
2,15000,1200,1,5,2,2
1,11000,550,1,5,2,1
2,20000,600,1,5,1,1
2,15000,850,1,5,2,1
4,22000,2117,2,5,2,4
2,6000,900,1,5,1,2
2,20000,1000,1,5,2,2
1,6500,500,1,5,1,1
2,12000,800,1,5,2,1
2,27000,1550,1,5,2,3
2,15000,1500,1,5,1,2
3,20000,1700,2,5,2,6
2,22000,700,1,5,2,2
1,7000,400,1,5,1,1
2,7000,450,1,5,2,1
1,6500,500,1,5,2,1
2,9000,770,1,5,2,2
1,4500,150,1,5,2,1
2,12000,850,1,5,1,2
2,18000,1100,2,5,2,2
2,8000,650,2,5,1,1
1,5000,550,1,5,1,1
2,14000,1000,1,5,1,2
1,6500,250,1,5,2,1
2,10000,790,2,5,2,2
2,13000,600,1,5,2,2
2,11200,700,1,5,1,2
1,8900,550,2,5,1,1
1,12000,500,1,5,1,1
3,45000,1800,2,5,1,3
3,35000,1550,2,5,2,2
3,34999,1462,2,5,2,3
2,11000,970,2,5,2,2
3,150000,2300,2,5,2,3
2,15000,700,1,5,1,1
2,15000,674,2,5,1,2
2,10000,750,2,5,1,2
2,12000,1000,1,5,2,2
2,10000,1030,2,5,2,2
3,35000,1540,2,5,2,2
3,40000,1800,2,5,1,3
2,24000,1100,1,5,1,2
2,12000,985,1,5,1,2
2,30000,1200,2,5,2,2
2,10000,1200,1,5,1,2
2,15000,900,1,5,1,2
2,33000,800,2,5,1,2
2,9000,800,1,5,2,2
3,30000,1500,1,5,2,3
2,13000,680,1,5,1,2
2,15000,800,1,5,2,2
2,12000,875,1,5,2,2
2,20000,880,2,5,2,2
3,36000,1500,1,5,2,3
2,10000,950,1,5,1,2
2,16000,850,1,5,2,2
1,6000,700,1,5,2,1
3,22000,2000,1,5,2,2
1,6000,450,1,5,1,1
1,6500,400,1,5,1,1
1,3000,350,1,5,1,1
3,27000,1650,2,5,2,3
2,8000,800,1,5,1,1
2,12500,600,1,5,1,1
2,11000,800,1,5,1,1
3,40000,1600,1,5,2,3
2,15000,700,2,5,1,2
2,8000,800,1,5,2,2
3,34000,2120,1,5,2,3
1,7500,560,1,5,1,1
1,14000,420,2,5,1,1
2,15000,1000,2,5,2,2
3,21000,1330,1,5,2,3
3,12000,930,1,5,2,2
3,75000,1900,2,5,2,3
2,15000,1200,1,5,2,2
1,6000,350,1,5,1,1
3,20500,1000,1,5,2,1
2,13500,1210,1,5,2,2
2,10000,750,2,5,1,2
3,15000,1150,2,5,2,3
2,11000,800,2,5,1,2
2,12000,930,2,5,2,2
2,15000,2800,2,5,1,2
2,20000,800,2,5,2,2
2,24000,850,1,5,1,2
2,16000,650,1,5,2,2
2,10000,770,1,5,1,1
3,30000,1800,2,5,2,3
3,26000,1100,2,5,2,2
2,10000,950,1,5,2,2
3,15000,1250,1,5,2,2
1,9000,400,1,5,1,1
2,9000,575,2,5,2,2
2,15000,1234,1,5,2,2
2,12000,870,2,5,2,2
2,20000,1162,1,5,2,2
3,15000,2200,1,5,1,3
1,8000,500,1,5,1,1
3,13000,900,1,5,1,1
1,6800,600,1,5,1,1
2,9000,600,1,5,2,1
3,14000,1600,2,5,2,3
4,55000,2400,2,5,1,4
3,50000,1600,2,5,2,3
1,8000,400,2,5,1,1
2,16000,1000,1,5,2,2
2,15000,600,2,5,1,2
2,15000,750,2,5,1,2
2,15000,700,1,5,2,2
4,75000,2200,1,5,2,5
1,9000,500,1,5,2,1
1,6500,700,1,5,1,1
3,17000,1480,1,5,2,2
3,49000,1700,2,5,2,3
2,15000,830,1,5,2,2
3,25000,1425,2,5,2,2
3,40000,1550,2,5,1,3
1,8000,200,1,5,2,1
2,17500,1200,2,5,2,2
3,11000,800,1,5,2,2
3,8500,1261,2,5,2,3
2,11000,425,2,5,2,2
2,12500,940,1,5,1,2
3,90000,2300,2,5,2,3
2,14000,700,1,5,1,2
3,150000,2400,2,5,2,3
2,25000,1145,1,5,2,2
2,18000,750,1,5,2,2
3,17000,1250,1,5,2,3
2,8500,900,1,5,1,2
3,15000,800,2,5,2,2
2,22000,800,1,5,2,2
2,15000,900,1,5,2,2
2,10000,600,1,5,1,1
1,5000,250,1,5,1,1
2,10000,910,1,5,2,2
3,15000,1350,1,5,1,3
3,34500,450,2,5,2,3
1,8000,600,1,5,1,1
3,330000,3600,2,5,2,3
2,22000,800,2,5,1,2
2,13000,850,2,5,1,2
2,6500,1000,1,5,2,2
2,18000,900,2,5,2,2
3,30000,2400,1,5,2,3
1,8500,400,2,5,1,1
4,20000,1900,2,5,2,4
2,12000,900,1,5,2,2
2,18000,805,1,5,2,2
2,19000,1200,1,5,1,2
2,12000,800,1,5,2,2
3,16000,1158,2,5,2,2
1,5700,400,1,5,1,1
1,15000,450,1,5,1,1
2,11000,960,1,5,2,2
3,17000,1400,1,5,2,2
2,18000,970,1,5,2,2
2,9500,1000,1,5,1,2
2,12000,900,2,5,2,2
2,8000,800,1,5,2,2
2,12000,1100,2,5,2,1
2,16000,800,1,5,1,2
2,8000,800,1,5,1,1
2,10000,898,1,5,2,2
2,15000,800,2,5,2,2
2,7500,600,1,5,1,1
3,30000,2000,2,5,2,3
2,16000,870,1,5,1,2
2,14000,1100,2,5,2,2
2,10000,650,2,5,1,2
3,25000,1100,2,5,1,2
2,11500,1250,2,5,2,2
2,11000,1145,1,5,1,2
2,10000,780,1,5,2,2
1,7000,680,1,5,1,1
2,18000,860,1,5,2,2
1,7500,600,1,5,1,1
2,7500,750,2,5,2,1
2,12000,800,1,5,1,2
2,12000,570,2,5,1,2
2,40000,1150,1,5,2,2
1,5000,350,1,5,1,1
2,20000,894,1,5,2,2
1,6500,600,1,5,2,1
3,12000,900,1,5,2,2
1,12000,550,1,5,1,1
2,14000,717,1,5,2,2
2,13000,660,2,5,2,2
1,9000,700,2,5,2,1
1,10000,800,1,5,2,1
3,15000,1070,1,5,1,2
2,15000,1000,1,5,2,2
2,19000,1500,1,5,2,2
2,15000,900,1,5,1,2
2,16000,1700,1,5,1,2
2,12000,900,1,5,2,2
2,11000,805,1,5,1,2
2,8000,750,1,5,1,2
2,10000,1000,1,5,2,2
3,70000,1500,2,5,2,3
3,45000,3200,1,5,1,3
3,60000,1700,2,5,2,3
2,12000,1000,1,5,2,2
3,80000,2036,1,5,2,3
2,23999,610,2,5,2,1
2,23000,1100,1,5,2,2
2,16000,900,2,5,2,2
2,14000,840,1,5,2,2
3,13000,965,1,5,2,2
2,14000,800,1,5,1,2
1,7000,700,1,5,1,2
1,3500,600,1,5,1,1
1,12000,650,2,5,2,2
1,8000,320,1,5,1,1
2,25000,700,1,5,2,1
2,12000,850,1,5,1,2
1,7000,550,1,5,1,1
3,20000,1400,2,5,2,3
2,18000,1300,1,5,1,2
2,15000,1125,1,5,2,2
2,11000,780,2,5,2,2
3,65000,2200,2,5,1,3
3,75000,2500,2,5,1,3
1,15000,1300,1,5,2,2
2,12000,619,2,5,2,1
2,8500,700,2,5,2,1
3,38000,2100,1,5,2,3
3,30000,2000,1,5,1,3
1,9000,700,1,5,2,1
3,25000,2000,1,5,2,3
2,9000,600,2,5,1,2
1,8500,550,2,5,1,2
1,7000,300,1,5,1,1
2,25000,800,2,5,2,2
2,8500,850,1,5,1,2
1,6500,450,2,5,2,1
1,7000,500,1,5,1,1
1,4500,115,1,5,1,1
2,22000,800,2,5,1,2
2,10000,600,1,5,2,1
2,16000,800,1,5,1,2
3,85000,1725,1,5,2,2
2,15000,1330,2,5,2,2
3,25000,2064,1,5,2,4
1,9000,700,1,5,2,1
2,20000,900,1,5,2,2
2,15000,1066,1,5,1,2
2,9000,700,2,5,2,2
2,14000,900,1,5,2,2
2,15000,700,1,5,2,2
3,14000,950,2,5,2,2
2,8000,850,1,5,1,2
2,13500,600,2,5,2,2
2,12000,750,1,5,2,2
2,7500,850,1,5,1,2
3,20000,1650,2,5,2,3
2,11000,960,1,5,1,2
2,11000,1200,2,5,1,2
2,17500,650,2,5,2,2
2,8000,800,2,5,1,2
3,25000,1350,1,5,2,3
2,12000,560,2,5,2,2
1,5250,250,1,5,1,1
2,25000,685,1,5,1,2
2,14000,1021,1,5,2,2
3,24000,1200,2,5,1,3
3,35000,1557,1,5,2,3
2,8000,550,1,5,1,1
2,16000,800,1,5,2,2
3,28000,917,2,5,2,2
2,16000,960,1,5,2,2
2,13000,1000,1,5,1,2
2,35000,1000,1,5,2,2
1,11000,579,1,5,2,1
1,5000,800,2,5,1,1
2,23000,1100,2,5,1,2
2,11000,635,2,5,2,2
3,25000,1700,2,5,2,3
1,4500,600,1,5,1,1
4,100000,2500,2,5,1,4
3,47500,1920,1,5,2,3
2,7500,850,1,5,2,2
3,16500,1850,1,5,1,3
2,18000,1375,2,5,2,1
2,7000,700,1,5,1,2
1,8000,700,1,5,1,2
1,10000,675,1,5,1,1
3,7000,900,1,5,1,2
2,35000,1020,2,5,2,2
4,100000,3000,2,5,1,4
2,13000,800,2,5,2,1
2,10000,600,1,5,1,1
2,14000,890,1,5,1,2
3,46000,1700,1,5,2,3
4,65000,2000,2,5,2,3
2,9000,800,2,5,2,2
3,13500,1002,1,5,2,2
3,29000,1225,2,5,2,3
2,23999,610,2,5,2,1
3,26000,1200,1,5,2,3
2,8200,850,1,5,1,2
1,15000,500,1,5,2,1
2,10000,778,1,5,1,2
2,20000,850,2,5,1,2
2,15000,800,2,5,1,2
2,14000,1200,1,5,2,2
2,11000,750,1,5,1,2
1,6500,550,1,5,1,1
3,26000,1567,2,5,2,3
1,7500,650,1,5,2,1
2,14500,1150,2,5,1,2
2,12000,900,1,5,1,2
3,45000,1450,2,5,1,2
2,22000,850,1,5,2,2
1,7000,550,1,5,1,1
1,7000,600,2,5,1,1
2,45000,1200,1,5,2,2
4,20000,1450,1,5,2,4
2,14000,560,2,5,2,2
2,18000,1113,1,5,2,2
3,20000,1600,1,5,2,4
1,10000,550,2,5,1,1
2,25000,1200,2,5,1,2
2,18000,900,1,5,2,2
1,5000,800,1,5,1,1
2,12000,1200,1,5,2,2
2,13000,1000,1,5,2,2
2,30000,1100,1,5,2,2
2,9000,700,1,5,2,1
1,12000,650,1,5,1,1
3,30000,1500,2,5,2,2
3,20000,1175,2,5,2,2
2,12000,750,1,5,1,2
2,9500,1010,1,5,2,2
2,22000,1050,1,5,2,2
3,23000,1060,2,5,1,2
2,9500,900,1,5,1,2
2,13500,1000,1,5,2,2
1,12000,450,1,5,1,1
3,33000,1600,2,5,2,3
3,33000,1760,1,5,2,3
2,18999,618,2,5,2,2
3,18000,1220,1,5,2,2
1,8500,580,1,5,1,1
3,20000,1651,1,5,2,3
2,9000,705,2,5,2,2
1,7000,700,1,5,1,1
3,53000,1700,2,5,2,3
2,14000,901,1,5,1,2
2,21000,1100,1,5,2,2
3,16000,1120,1,5,2,2
2,26000,1300,2,5,2,2
3,20000,1350,1,5,2,3
2,25000,1340,1,5,2,2
1,10000,250,1,5,1,1
2,11500,700,2,5,2,2
2,15000,650,2,5,1,2
1,4200,490,1,5,2,1
2,9500,700,2,5,1,1
1,8000,580,1,5,1,2
2,16000,1400,2,5,2,3
2,12000,850,2,5,2,2
2,12000,850,2,5,2,2
2,12000,900,1,5,1,2
2,13000,780,1,5,2,2
3,15723,1246,1,5,2,2
1,6000,300,1,5,2,1
2,10000,900,1,5,1,2
1,3000,350,1,5,1,1
2,7500,900,1,5,1,2
2,18000,1099,1,5,2,2
3,16500,1530,2,5,2,3
3,35000,2000,1,5,2,3
3,15000,1095,1,5,2,2
2,7000,780,2,5,1,2
3,38000,1300,2,5,1,3
2,20000,900,1,5,2,2
1,7500,450,1,5,1,1
2,12500,400,1,5,1,2
3,16000,900,1,5,2,2
2,16000,935,2,5,1,2
1,8500,450,1,5,1,1
2,30000,1020,2,5,2,2
3,16000,1280,1,5,2,2
1,5700,450,2,5,2,1
2,18000,1120,1,5,2,2
2,15000,1000,1,5,2,2
2,7500,1000,1,5,2,2
2,9000,750,1,5,1,2
2,13000,1000,1,5,2,2
3,25000,1100,1,5,1,2
3,130000,3000,1,5,2,3
2,13000,650,1,5,2,2
3,20000,1500,2,5,2,3
1,18000,500,1,5,1,1
2,8000,700,1,5,1,1
1,16000,450,1,5,2,1
2,18000,700,2,5,1,2
2,19000,1250,1,5,2,2
2,7500,700,1,5,1,2
2,15000,650,1,5,2,2
2,19000,850,1,5,2,2
2,10000,750,2,5,1,2
3,45000,1780,1,5,2,3
2,20000,980,1,5,1,2
2,7500,700,1,5,1,2
2,14000,600,2,5,2,2
2,5000,800,1,5,1,2
2,20000,1500,1,5,2,2
3,15000,1402,2,5,2,3
3,75000,1500,2,5,2,3
3,30000,1300,1,5,2,3
3,30000,1484,2,5,2,3
1,12500,630,2,5,2,1
2,24000,1150,2,5,2,2
2,10000,800,2,5,1,2
2,12000,600,2,5,2,2
3,45000,2200,1,5,1,3
2,10500,950,1,5,2,2
2,6250,700,1,5,1,2
1,6000,450,1,5,2,1
1,7500,150,2,5,1,1
1,6300,360,1,5,1,1
1,7000,750,1,5,2,1
2,14000,1065,1,5,2,2
2,10000,650,1,5,1,2
2,30000,1140,2,5,2,2
3,16000,1525,2,5,2,3
3,22000,1450,2,5,2,3
2,14000,1200,2,5,2,2
2,18000,1100,1,5,2,2
2,10500,700,1,5,2,2
1,6000,600,2,5,1,1
3,20000,1200,2,5,1,2
3,90000,2100,2,5,1,3
2,13500,950,1,5,2,2
1,7000,800,2,5,2,1
2,12500,900,2,5,1,2
2,15000,805,1,5,2,2
2,14000,800,2,5,1,2
2,28000,2300,2,5,2,2
2,9500,1200,1,5,2,2
3,16000,1200,2,5,2,2
4,120000,4000,1,5,2,4
3,20000,1500,2,5,1,2
1,21000,500,2,5,2,1
2,22000,1050,1,5,2,2
4,120000,2550,2,5,2,4
2,15000,650,2,5,1,2
1,5000,800,2,5,1,1
2,15000,1000,1,5,1,2
2,19000,900,1,5,2,2
3,37500,1475,1,5,2,3
1,8000,360,1,5,2,1
3,45000,1600,2,5,1,3
1,5000,550,1,5,1,1
3,30000,1800,1,5,1,2
2,17000,1000,1,5,1,2
2,15000,700,1,5,2,2
1,3500,500,1,5,2,1
3,25000,1132,1,5,2,2
3,17000,1400,2,5,2,3
3,22000,1400,2,5,2,3
2,12000,800,1,5,2,2
3,10000,80,2,5,2,2
3,10000,1000,2,5,2,3
2,26000,1020,1,5,2,2
2,9000,500,2,5,2,2
2,12000,900,1,5,2,2
2,8500,600,2,5,1,1
2,7000,1100,1,5,1,2
2,12000,1200,2,5,1,3
2,12000,650,2,5,1,2
2,26000,900,1,5,2,2
3,13000,100,2,5,1,2
2,30000,1100,2,5,1,2
2,30000,585,1,5,1,2
2,12000,740,1,5,1,2
1,10000,550,1,5,1,1
2,13000,786,1,5,2,2
2,13000,1100,2,5,1,2
3,40000,1500,1,5,2,3
3,25000,1440,2,5,2,3
1,8000,700,1,5,2,1
1,6000,450,1,5,1,1
3,17000,1200,1,5,2,2
3,17000,1785,1,5,2,3
2,15000,1050,1,5,2,2
2,8500,700,1,5,2,1
2,8500,450,2,5,1,1
2,11000,803,1,5,2,2
3,60000,1800,1,5,2,3
2,18000,985,2,5,1,2
4,70000,2880,1,5,2,3
2,10000,850,1,5,1,2
3,20000,1100,2,5,1,2
2,16000,1100,1,5,2,2
2,10000,1500,1,5,2,2
3,100000,1975,1,5,2,3
1,7000,400,1,5,1,1
2,17000,914,1,5,2,2
2,17000,1000,1,5,2,2
3,39000,1170,1,5,2,2
1,6500,350,1,5,1,1
3,15000,1120,2,5,1,2
2,17000,1100,1,5,1,2
1,6800,500,1,5,1,1
3,110000,1435,1,5,2,3
1,8500,200,2,5,2,1
3,65000,1444,1,5,2,3
1,7500,350,1,5,2,1
2,10000,800,1,5,2,2
3,34000,1503,2,5,2,2
3,17000,1200,1,5,1,3
3,23000,900,2,5,1,2
1,17000,625,1,5,2,1
2,8500,860,1,5,2,2
2,10000,960,1,5,1,2
2,8000,550,1,5,1,1
3,30000,1000,1,5,2,3
1,15000,520,1,5,2,1
3,25000,1500,1,5,1,2
2,16500,966,1,5,2,2
3,40000,1400,1,5,2,3
3,15000,1300,1,5,2,2
3,12000,1062,1,5,2,2
3,35000,1850,2,5,2,3
2,8000,600,2,5,1,2
2,11000,1000,1,5,2,2
3,20000,1065,1,5,2,3
3,17000,950,2,5,1,3
2,9000,740,1,5,1,2
2,16500,700,1,5,2,2
2,12000,880,2,5,1,2
2,12500,890,1,5,1,2
2,25000,1100,1,5,1,2
2,15000,700,1,5,2,2
3,14000,1155,1,5,1,2
3,72000,1500,2,5,2,3
1,10000,550,1,5,1,1
2,17000,1000,1,5,2,2
2,12000,550,1,5,1,2
3,72000,2900,2,5,2,3
3,26000,2100,1,5,2,2
2,10500,1000,1,5,1,2
2,15000,800,1,5,1,1
2,8500,900,2,5,1,1
2,10000,800,2,5,2,2
2,10000,1015,1,5,2,3
3,25000,1700,1,5,2,3
1,10000,850,1,5,1,1
2,13000,1260,1,5,2,3
2,16000,800,1,5,2,2
1,5000,550,2,5,1,1
2,9500,800,2,5,2,2
3,18000,1200,2,5,2,2
3,24000,1570,1,5,2,3
1,6166,570,1,5,2,1
2,20000,900,1,5,2,2
2,13000,700,1,5,1,2
1,8000,500,1,5,1,1
2,18000,1000,1,5,1,2
2,20000,700,2,5,1,2
2,14000,690,1,5,1,1
2,15000,100,2,5,2,2
3,25000,1200,2,5,2,3
2,26000,1200,2,5,2,2
2,9000,800,1,5,1,2
3,15000,1157,1,5,1,3
2,15000,780,1,5,2,2
3,130000,2792,1,5,2,5
1,7500,500,1,5,1,1
2,9500,750,1,5,1,2
1,7000,500,1,5,2,1
2,23000,1153,1,5,2,2
1,18000,500,1,5,2,1
3,18000,1000,2,5,1,2
1,6000,510,1,5,1,1
2,13000,730,2,5,2,2
2,15000,950,1,5,1,2
2,10000,730,1,5,2,2
3,22000,1400,1,5,2,2
2,10000,900,1,5,2,2
1,6500,506,1,5,1,1
2,7000,749,1,5,1,2
1,18000,520,1,5,2,1
2,7000,850,1,5,1,2
2,22000,1000,1,5,2,2
1,7000,600,1,5,1,1
1,15000,1900,2,5,2,1
2,8000,600,2,5,2,1
1,7000,500,1,5,1,1
1,9000,550,1,5,1,1
2,9800,1200,1,5,1,2
3,14500,1107,2,5,2,2
1,15000,550,2,5,2,1
2,22000,1150,2,5,2,2
2,9000,600,1,5,1,2
3,18000,1235,1,5,2,2
1,8500,600,1,5,1,2
1,6500,400,1,5,2,2
3,40000,1400,2,5,2,3
3,17000,800,2,5,1,2
2,12000,700,1,5,1,2
2,30000,900,2,5,2,2
1,4000,400,1,5,1,1
2,14000,850,1,5,2,2
3,25000,1415,1,5,2,2
1,8000,281,2,5,1,1
1,12500,600,1,5,2,1
2,14000,1050,2,5,1,2
1,7500,390,2,5,1,1
3,17500,950,2,5,2,2
3,27000,1500,2,5,2,3
2,16500,200,2,5,1,2
2,12000,926,1,5,2,2
3,45000,1700,2,5,2,3
2,15000,1068,2,5,2,2
3,14000,1800,2,5,2,3
2,17000,590,2,5,2,2
3,34999,1400,2,5,2,3
1,7000,550,2,5,2,1
1,10500,520,1,5,2,1
2,15000,900,1,5,2,2
2,10000,700,1,5,2,2
1,7000,400,1,5,2,1
4,200000,2280,2,5,2,4
2,12000,826,1,5,2,2
2,10000,1050,1,5,2,2
2,15000,700,1,5,2,2
2,19000,800,2,5,2,2
2,25000,850,1,5,2,2
1,10000,502,1,5,1,1
2,13000,925,2,5,1,2
2,12500,500,1,5,1,1
2,10000,950,1,5,1,2
2,16000,930,1,5,2,2
2,11000,950,2,5,2,2
2,13000,800,2,5,2,2
2,15000,950,1,5,2,1
3,15000,1100,2,5,1,2
2,20000,750,1,5,1,3
2,12000,1000,1,5,2,2
2,600000,950,2,5,1,2
2,11000,800,1,5,2,2
1,10000,500,2,5,1,1
3,30000,1500,2,5,2,3
1,8000,550,1,5,2,1
1,7000,400,1,5,2,1
1,10000,550,2,5,1,1
2,9300,730,1,5,1,1
2,10500,1000,2,5,2,2
2,16000,975,2,5,2,2
2,20000,1800,1,5,2,2
2,9000,745,1,5,2,2
2,18000,900,2,5,2,2
2,10000,600,1,5,1,2
2,16000,600,1,5,1,2
1,13500,450,2,5,1,1
2,16000,1030,1,5,2,2
2,8500,833,1,5,1,2
2,15000,1000,1,5,2,2
2,8200,840,2,5,1,2
2,20000,750,2,5,2,2
2,9000,950,1,5,2,2
1,13500,550,1,5,2,1
3,26000,1125,1,5,2,2
2,11000,700,2,5,1,2
2,18000,1100,1,5,2,2
2,10000,700,1,5,1,2
3,40000,1250,2,5,2,3
2,24000,1100,1,5,1,2
1,18000,475,2,5,2,1
2,11000,530,1,5,2,1
2,23000,1050,2,5,2,2
2,11000,830,1,5,2,2
2,8000,809,1,5,1,2
2,15000,900,1,5,2,2
1,9500,700,1,5,2,1
2,13500,1150,1,5,2,2
1,11000,750,1,5,2,1
2,13000,920,1,5,2,2
2,25000,1050,2,5,2,2
2,12000,1800,1,5,1,2
2,25000,1000,2,5,2,2
3,8500,1062,2,5,2,2
2,8500,800,1,5,1,2
1,5000,450,1,5,1,1
2,8500,900,1,5,1,1
4,100000,2240,2,5,2,4
1,7500,500,1,5,1,1
1,7000,750,1,5,1,1
3,26000,1400,1,5,2,3
2,12000,1200,2,5,2,2
2,18000,1424,1,5,2,2
1,13000,450,1,5,1,1
3,160000,2700,1,5,2,2
2,8000,805,1,5,1,2
1,6000,434,1,5,1,1
2,12500,1000,1,5,2,2
1,6500,595,1,5,2,1
2,10000,685,1,5,1,2
2,12500,1075,1,5,2,2
3,22000,1100,2,5,2,3
2,17000,950,2,5,1,2
3,20000,1500,1,5,1,3
3,22000,1100,1,5,2,2
2,11500,1100,2,5,2,2
3,23000,1000,2,5,1,3
2,19000,800,1,5,2,2
3,45000,1500,1,5,2,2
3,17000,1250,1,5,2,2
2,9500,650,2,5,1,2
3,45000,1650,1,5,1,3
4,60000,2317,1,5,1,4
2,12000,950,1,5,2,2
3,40000,1700,1,5,2,3
3,16000,1300,1,5,2,2
2,9000,805,1,5,2,2
2,35000,1109,1,5,2,2
1,4000,300,1,5,1,1
2,11000,700,1,5,1,1
2,9500,950,1,5,2,2
3,25000,1290,1,5,1,3
2,10000,950,1,5,1,2
1,12000,400,1,5,2,1
2,19397,2000,1,5,2,2
2,12000,939,1,5,2,2
3,10000,1200,2,5,1,3
2,20000,1800,1,5,2,2
3,15000,1200,2,5,1,2
2,28000,1200,1,5,2,2
3,10000,1750,1,5,1,3
1,3500,300,1,5,1,1
1,8000,650,2,5,1,1
2,13500,950,1,5,2,2
3,36000,1610,1,5,2,3
2,15000,900,1,5,1,2
1,5000,550,2,5,1,1
2,10000,700,1,5,1,2
2,10000,800,1,5,1,2
2,8500,580,1,5,2,2
2,11000,950,1,5,2,2
1,8000,700,2,5,1,1
2,12000,600,1,5,2,1
1,5000,200,1,5,2,1
1,7000,600,1,5,2,1
2,15000,550,1,5,1,2
1,10000,600,1,5,1,1
3,37500,1680,1,5,2,3
2,7000,1100,2,5,1,2
1,6500,600,1,5,1,1
2,16000,820,2,5,2,2
3,34000,1125,2,5,2,3
2,11500,973,2,5,2,2
2,15000,780,1,5,2,1
1,8000,400,1,5,1,1
4,220000,4000,1,5,2,4
2,22000,1000,2,5,2,2
3,85000,3500,2,5,2,3
1,6000,350,1,5,2,1
2,14000,800,2,5,2,2
2,11500,700,1,5,1,2
1,6000,550,1,5,1,1
3,24000,2100,1,5,2,4
3,32000,1700,1,5,2,3
3,16000,1420,2,5,2,2
2,13000,950,2,5,2,2
2,14000,780,1,5,2,2
1,7500,800,2,5,1,1
2,10000,500,1,5,2,1
2,18500,1000,1,5,2,2
2,12000,750,1,5,1,2
2,17000,1200,2,5,1,2
3,35000,1152,2,5,2,3
2,9000,843,1,5,2,2
2,13000,900,1,5,1,2
2,27999,1250,2,5,2,2
2,11000,650,1,5,1,2
4,140000,2600,2,5,2,4
1,12000,700,1,5,1,1
2,13000,720,2,5,1,2
4,250000,3500,2,5,2,4
4,80000,3000,2,5,1,4
2,22999,1144,2,5,2,2
3,36000,1750,2,5,1,3
3,70000,1450,1,5,1,2
2,12500,590,1,5,1,1
2,18000,900,1,5,2,2
2,10000,800,1,5,2,1
2,18000,1000,1,5,2,2
3,37000,1650,1,5,2,3
2,18000,700,2,5,2,2
3,25000,1280,1,5,2,2
2,10000,700,1,5,1,2
2,15000,980,1,5,1,2
2,15000,900,2,5,2,2
1,9000,450,1,5,1,1
2,14000,1200,1,5,1,2
2,8500,650,1,5,2,2
3,35000,1903,1,5,2,3
2,10000,650,1,5,2,1
1,5000,450,2,5,1,1
2,23000,900,2,5,1,2
2,15000,550,1,5,1,1
2,18500,750,1,5,2,2
2,28000,1000,1,5,2,2
3,32000,1050,2,5,2,3
1,14000,650,2,5,2,2
1,7000,400,1,5,2,1
3,33000,1075,2,5,2,3
3,100000,2000,2,5,2,3
2,18000,720,1,5,2,2
3,16000,1000,2,5,1,2
1,8500,500,1,5,1,1
2,10000,900,1,5,2,2
2,13500,900,1,5,2,2
2,19000,900,1,5,2,2
1,11500,1000,1,5,1,2
3,22000,1300,1,5,2,3
3,12000,1383,1,5,2,3
2,10000,800,2,5,2,2
2,15000,1500,2,5,1,2
3,35000,1350,2,5,2,2
3,70000,2000,2,5,2,3
3,32000,1200,2,5,1,2
3,35000,1912,2,5,1,3
1,10000,500,2,5,1,1
2,11000,950,1,5,1,2
2,12000,1000,2,5,1,2
3,40000,1600,2,5,1,3
2,8000,900,1,5,1,2
3,20000,1265,1,5,2,2
3,12000,1060,1,5,2,2
2,15000,1050,1,5,2,2
3,27000,1500,2,5,1,3
2,13000,890,2,5,1,2
2,9000,700,2,5,1,3
3,25000,1146,2,5,2,2
1,12000,700,1,5,2,1
2,18000,800,2,5,2,2
2,9500,640,2,5,1,2
2,14000,909,1,5,2,2
4,40000,2400,2,5,1,3
4,70000,3800,2,5,2,4
2,15000,400,1,5,1,2
2,8500,886,1,5,1,2
3,27500,1570,1,5,2,3
2,15000,900,1,5,1,2
1,5000,400,1,5,1,1
2,26000,1600,1,5,2,2
2,14000,1000,1,5,1,2
2,20000,850,1,5,2,2
2,12000,750,1,5,1,2
2,17000,750,1,5,1,2
3,75000,2000,2,5,2,3
3,19500,1270,1,5,2,2
2,10000,2000,2,5,2,2
2,32000,1250,1,5,2,2
2,15000,1000,1,5,1,2
3,28000,1050,2,5,2,3
2,10677,800,1,5,2,2
3,50000,1625,1,5,2,3
3,32500,1535,1,5,1,3
2,23000,850,2,5,2,2
4,75000,3800,2,6,2,4
4,250000,4500,2,6,2,4
2,10000,1100,1,6,1,2
3,60000,3200,2,6,2,3
2,12000,647,1,6,1,1
3,48000,1798,1,6,2,3
3,58000,1700,2,6,2,3
2,14000,930,1,6,2,2
1,7000,150,1,6,1,1
2,13000,1200,1,6,2,2
2,11000,1250,1,6,1,2
2,9500,900,1,6,2,2
1,7500,500,1,6,2,1
2,14000,900,2,6,2,2
2,16000,1100,1,6,2,2
3,18000,1500,1,6,2,3
1,8200,500,1,6,1,1
3,12000,1300,2,6,2,3
1,10000,300,1,6,2,1
2,13000,800,1,6,2,2
3,22000,1400,2,6,2,2
1,10500,500,1,6,2,1
2,11000,750,1,6,1,2
3,20000,1200,1,6,2,3
3,14000,1350,2,6,2,2
2,12500,1400,1,6,1,2
1,10500,450,1,6,1,1
3,30000,2061,1,6,2,3
2,11000,100,1,6,2,2
2,9000,1100,1,6,2,2
3,35000,1650,2,6,2,3
3,23382,1500,1,6,2,3
2,9500,1140,1,6,2,2
2,9000,990,1,6,1,2
3,60000,1700,1,6,2,3
2,11000,1200,1,6,1,2
2,11000,850,1,6,1,2
2,11000,900,1,6,1,2
2,8000,800,1,6,2,2
2,9000,1000,1,6,1,2
2,8000,1020,1,6,2,2
1,5500,300,1,6,1,1
2,12000,1800,1,6,2,2
3,25000,919,2,6,2,2
3,23000,25,2,6,2,3
2,12000,1050,1,6,2,2
2,6500,200,2,6,1,2
1,9000,450,1,6,1,1
4,25000,1000,1,6,2,3
3,12500,1250,2,6,2,2
3,45000,1900,2,6,1,3
2,27000,1500,1,6,2,2
3,75000,2395,2,6,2,3
2,9000,1800,1,6,2,2
2,12000,700,2,6,1,2
3,24000,1700,1,6,1,2
2,15000,1200,1,6,1,2
3,24000,1600,2,6,2,3
2,12000,745,1,6,1,2
3,27000,2210,1,6,2,3
3,30000,1450,2,6,2,3
3,20000,1400,1,6,2,3
3,22000,2000,2,6,2,3
4,25000,1815,1,6,2,3
2,23000,1000,1,6,2,1
2,12000,1000,1,6,1,2
2,18000,1200,1,6,1,3
3,55000,2430,1,6,2,3
1,5000,140,1,6,1,1
2,13000,1200,1,6,2,2
2,9000,1100,1,6,1,3
2,7000,800,2,6,1,2
3,28000,1500,1,6,2,3
2,15000,1200,1,6,2,2
3,14000,1350,1,6,2,3
1,12000,1300,1,6,2,2
2,12500,1000,1,6,2,2
2,13000,1210,1,6,1,2
2,9500,1050,1,6,1,2
3,35000,1600,2,6,2,3
1,4000,300,1,6,1,1
1,8000,300,1,6,2,1
2,12500,1010,2,6,1,2
3,65000,1850,2,6,2,3
2,13000,1300,2,6,2,2
2,12500,1100,2,6,1,2
3,45000,2200,2,6,2,3
1,6000,500,3,6,1,1
3,50000,2290,1,6,2,3
3,40000,1900,2,6,2,3
3,30000,1600,2,6,2,3
2,7000,800,1,6,1,1
3,25000,1600,1,6,2,3
1,9000,500,1,6,1,1
3,16000,1500,2,6,2,3
1,10500,650,1,6,2,1
4,100000,3300,2,6,2,4
2,9000,1200,1,6,1,2
2,11000,800,1,6,2,2
3,24000,1200,1,6,2,4
2,12000,1000,1,6,1,1
2,20000,1600,1,6,1,3
2,24000,1200,2,6,2,2
2,12000,1100,1,6,2,2
3,12000,1250,2,6,2,3
2,10000,1100,2,6,1,2
2,45000,1600,1,6,2,2
2,22000,1000,1,6,2,2
1,6500,455,1,6,1,1
3,40000,1473,1,6,2,2
1,4000,400,1,6,1,1
2,12000,1300,1,6,2,2
4,27000,2520,2,6,2,5
1,10000,500,1,6,2,1
2,10000,200,1,6,1,1
2,10000,1200,1,6,1,2
3,18000,1950,1,6,2,3
1,14500,500,2,6,2,1
1,9000,500,1,6,1,3
2,14000,1150,1,6,2,2
2,18000,242,1,6,1,2
2,9500,720,2,6,2,2
3,49000,1800,1,6,1,3
1,9000,450,1,6,2,1
2,130000,130,1,6,1,2
2,8000,690,1,6,1,2
2,13000,1000,1,6,2,2
3,18000,1500,1,6,2,2
3,18000,1150,1,6,2,3
3,32000,1783,1,6,2,2
2,15000,900,1,6,1,2
3,35000,1725,1,6,2,3
1,6000,680,2,6,1,1
1,9000,550,1,6,2,1
2,9500,1290,1,6,2,2
2,12500,1450,1,6,2,2
2,25000,1300,1,6,2,2
2,15000,1450,1,6,2,2
3,38000,1496,2,6,2,2
3,20000,1850,1,6,2,2
3,15000,1600,2,6,2,3
3,130000,3500,2,6,2,3
3,27000,1850,1,6,2,3
2,16000,1210,1,6,1,2
2,13000,1400,1,6,2,2
2,10000,950,1,6,2,2
2,10000,878,1,6,2,2
2,17000,875,1,6,1,2
2,12500,300,1,6,2,2
3,25000,1800,1,6,2,3
3,35000,1956,1,6,2,3
2,12000,800,1,6,1,1
2,12000,1175,1,6,1,2
2,15000,1080,1,6,2,2
3,45000,1955,1,6,1,3
2,20000,950,1,6,1,2
2,15000,800,1,6,1,2
2,10000,1090,1,6,1,2
3,15000,1450,2,6,2,3
2,19800,1070,2,6,2,2
2,8500,60,1,6,1,2
4,130000,3133,2,6,2,5
1,8500,900,2,6,1,1
1,4500,60,1,6,2,1
2,9000,600,1,6,1,2
1,13000,750,2,6,2,1
2,18000,900,1,6,1,2
3,26000,1800,2,6,2,3
1,17000,470,1,6,2,1
2,9000,720,1,6,1,2
1,8000,450,1,6,1,1
2,10000,600,1,6,1,2
2,12000,1100,1,6,1,2
2,14000,1300,1,6,1,2
2,25000,1500,1,6,2,2
2,22000,1200,1,6,2,2
4,45000,3000,1,6,2,4
3,20000,2000,2,6,2,3
2,16000,800,1,6,1,2
3,35000,1000,2,6,2,3
2,15000,1200,1,6,1,2
1,5500,400,1,6,1,1
3,35000,1250,2,6,1,2
1,14000,700,2,6,2,1
2,25000,1100,1,6,2,2
4,36000,2050,1,6,2,2
2,20000,1428,1,6,2,2
3,30000,1700,2,6,2,3
2,12000,1140,1,6,2,2
2,16000,1000,1,6,2,2
2,13000,1160,1,6,1,2
3,22000,3000,2,6,2,2
1,15000,450,1,6,1,1
3,14000,1540,1,6,1,2
2,8000,1000,1,6,2,2
3,57000,1417,2,6,2,3
3,1200,2100,2,6,2,3
2,8000,550,2,6,1,1
3,15000,1600,1,6,2,3
2,17000,1200,1,6,2,2
2,12000,500,1,6,2,2
3,25000,1300,2,6,2,2
2,13000,600,1,6,1,1
3,35000,1565,2,6,2,3
1,6500,350,1,6,1,1
2,11000,1100,1,6,1,2
2,25000,1200,1,6,2,2
3,35000,2000,1,6,2,3
3,27000,2200,1,6,2,3
3,18000,1400,1,6,1,3
3,20000,1950,1,6,2,3
2,8500,130,2,6,1,2
2,14000,1300,1,6,2,2
3,35000,1675,1,6,1,3
2,16000,1135,1,6,2,2
3,20000,1800,1,6,1,2
3,18000,1400,1,6,2,3
4,140000,3698,2,6,2,5
2,10000,950,1,6,1,2
2,12000,650,1,6,1,2
1,5300,100,2,6,2,1
2,11000,950,2,6,1,2
2,12000,1000,2,6,1,2
2,12000,900,2,6,2,1
3,20000,1800,2,6,2,3
2,13000,1000,1,6,1,2
3,22000,1800,1,6,2,3
2,15000,1000,1,6,2,2
1,5400,450,1,6,1,1
3,16500,1771,1,6,1,3
2,12000,1150,2,6,2,2
2,8500,1000,1,6,2,2
2,14000,1050,2,6,2,2
3,15000,1500,2,6,1,2
2,6000,750,1,6,1,2
2,14000,1100,1,6,2,2
2,15000,800,1,6,1,2
3,37000,150,2,6,1,3
1,6500,750,1,6,1,1
2,10000,600,1,6,1,1
2,12000,1080,1,6,2,2
2,12000,1100,1,6,1,2
2,9000,750,1,6,2,2
3,60000,2405,1,6,2,4
2,18000,1248,2,6,2,2
2,14000,1110,2,6,2,2
3,50000,2300,2,6,2,3
2,17000,1000,2,6,2,2
2,9000,800,1,6,1,2
4,80000,3115,1,6,2,5
1,7500,500,1,6,1,1
2,14000,950,2,6,1,2
2,14000,1374,1,6,2,2
1,10000,1300,2,6,2,1
2,17000,1150,1,6,2,2
1,6500,450,2,6,2,1
2,10000,927,1,6,2,2
3,22000,1500,1,6,1,3
2,15000,1200,1,6,1,2
2,12000,1200,1,6,2,2
3,52000,2800,2,6,2,3
1,6500,562,1,6,1,1
2,20000,1500,1,6,2,2
3,25000,1950,1,6,2,3
3,14000,1360,1,6,2,2
3,25000,1800,1,6,2,3
2,12500,950,1,6,2,2
2,12000,780,2,6,1,2
1,10000,500,1,6,2,1
2,17000,1050,1,6,2,2
1,15500,600,2,6,2,1
3,65000,1800,2,6,2,3
3,60000,1800,2,6,1,3
3,45000,1900,2,6,2,3
2,10500,1100,1,6,1,2
2,9000,200,1,6,1,1
3,20000,1400,1,6,2,3
2,20000,1200,2,6,2,2
3,18000,1600,1,6,2,3
2,12000,1150,1,6,2,2
2,12000,130,1,6,1,2
4,120000,3800,2,6,2,4
3,28000,1720,1,6,2,3
1,6000,500,1,6,1,1
2,12500,1200,1,6,1,2
4,31000,2400,1,6,2,4
2,7000,800,1,6,2,2
2,22000,1300,1,6,2,2
2,17500,1400,1,6,2,2
2,14000,650,1,6,1,2
2,9500,103,1,6,1,2
1,7000,950,1,6,2,1
3,15000,1500,1,6,1,3
3,15000,1550,2,6,1,2
2,10000,140,1,6,1,2
3,14000,1800,1,6,1,2
4,85000,2550,2,6,2,4
1,5500,500,1,6,1,1
2,14000,800,1,6,2,2
2,10000,800,1,6,2,2
2,10000,1300,1,6,1,2
2,13000,600,1,6,1,2
3,20000,1000,1,6,1,3
3,25000,1000,2,6,2,3
1,7500,500,1,6,2,1
1,200000,8000,1,6,1,10
2,12000,1100,2,6,1,2
2,9500,1100,2,6,1,2
2,12000,200,2,6,1,2
2,10000,1800,1,6,1,2
2,8000,190,1,6,2,2
3,16000,1350,1,6,1,2
2,12333,1200,1,6,1,2
1,9500,400,2,6,1,1
2,16000,1200,1,6,2,2
3,20000,1400,1,6,2,3
3,14000,1300,2,6,1,3
1,7500,400,2,6,1,1
1,13900,650,1,6,1,1
1,5500,500,1,6,1,1
2,9000,875,1,6,2,2
1,4700,850,1,6,1,2
3,30000,1730,1,6,2,3
3,16500,1500,2,6,2,3
3,24000,1600,2,6,2,3
2,9500,900,1,6,1,2
2,12000,925,1,6,2,2
2,15000,1500,1,6,1,2
3,22500,1600,2,6,2,3
3,32000,1300,2,6,2,3
2,10000,1200,1,6,2,2
2,13000,133,1,6,2,2
2,7000,950,1,6,1,2
3,12000,1200,1,6,2,3
2,7500,950,1,6,1,2
2,15000,1095,1,6,2,2
1,8000,400,1,6,1,1
3,25000,2210,1,6,2,3
3,26000,1450,1,6,2,2
3,15000,192,1,6,2,3
1,3000,80,1,6,2,1
2,12500,1315,1,6,2,2
3,42000,1600,2,6,2,3
2,20000,1450,1,6,2,2
3,40000,1900,2,6,2,3
3,45000,2600,2,6,2,3
1,8500,450,1,6,1,2
2,15000,1000,1,6,2,2
2,9000,100,1,6,1,2
2,14000,1100,1,6,1,2
2,11000,1200,1,6,1,2
2,10000,1400,1,6,1,2
3,55000,2000,2,6,2,3
2,10000,1070,2,6,1,2
2,25000,1450,2,6,1,2
2,27000,1230,1,6,2,2
2,12000,1000,1,6,2,3
2,16000,1200,1,6,1,2
2,8000,150,1,6,1,2
2,14000,850,1,6,2,2
2,10000,1300,1,6,1,2
4,150000,4761,1,6,2,5
2,16000,1250,1,6,2,2
1,6000,100,1,6,1,1
3,26000,1550,2,6,1,2
2,13000,1300,2,6,1,2
3,28000,1600,2,6,2,2
2,8500,1200,1,6,1,3
2,12500,1200,1,6,2,2
3,25000,1970,1,6,2,3
2,10000,650,2,6,1,2
2,12000,1000,1,6,1,3
3,15000,1500,1,6,1,3
2,6000,1250,1,6,1,2
3,30000,1940,2,6,2,3
2,18000,700,2,6,1,2
2,8500,700,1,6,2,1
2,7500,100,1,6,1,2
1,12000,300,1,6,2,1
2,15000,980,1,6,2,2
2,15500,800,1,6,2,2
3,20000,1250,1,6,1,2
2,11000,1000,2,6,2,2
2,15000,1000,1,6,1,2
3,17000,1800,2,6,1,3
3,20000,2000,2,6,2,3
3,20000,1500,1,6,2,3
2,12000,1050,1,6,1,3
2,25000,1100,1,6,2,2
2,11500,1000,2,6,2,2
2,6500,700,1,6,1,2
1,10000,750,1,6,1,1
1,6000,450,1,6,1,1
3,14000,1000,1,6,1,2
3,34000,1500,2,6,2,3
2,15000,1550,1,6,2,2
2,20000,1450,1,6,2,2
2,9500,650,2,6,1,2
2,10000,650,2,6,1,2
3,30000,1500,2,6,2,3
2,13000,900,1,6,2,2
3,45000,1645,2,6,2,3
2,8000,600,1,6,1,2
2,25000,1250,1,6,2,2
2,12000,1300,2,6,2,2
2,19000,1000,2,6,2,2
3,22000,1500,1,6,2,3
2,15000,1150,1,6,2,2
2,15000,110,1,6,2,2
2,10000,103,1,6,1,2
2,10000,1050,2,6,1,2
2,7000,60,1,6,1,2
2,15000,1170,1,6,1,2
2,9500,167,1,6,1,2
1,6500,500,1,6,2,1
1,10000,600,1,6,1,1
1,8000,600,1,6,1,1
1,3300,200,1,6,1,1
2,12000,600,1,6,1,1
2,20000,900,1,6,2,2
2,12000,800,1,6,1,2
3,20000,1000,2,6,2,2
3,70000,3200,2,6,2,3
2,10000,1400,1,6,2,2
1,8500,550,1,6,1,1
1,8000,540,2,6,1,1
1,8000,400,1,6,1,1
2,13000,1225,1,6,1,2
3,15500,1430,2,6,2,2
2,30000,1200,1,6,2,2
2,10000,1197,1,6,1,2
2,18000,1150,2,6,2,2
1,12000,500,1,6,2,1
2,9000,1200,2,6,2,2
1,6000,500,1,6,2,2
3,32000,1600,1,6,2,3
2,36000,1100,1,6,2,2
2,17000,1220,1,6,2,2
3,20000,1500,1,6,2,3
1,9000,500,1,6,1,1
2,9500,850,1,6,1,2
2,7000,1000,1,6,1,2
3,17000,100,2,6,1,3
2,19500,1140,1,6,2,2
2,25000,1100,1,6,2,2
3,14000,1400,1,6,2,2
2,16000,1350,1,6,2,2
2,15000,180,2,6,1,2
2,13000,1250,1,6,1,2
2,12000,1300,1,6,1,2
2,12000,840,1,6,1,2
2,7500,1200,1,6,2,2
2,13000,700,1,6,2,2
4,52000,2700,1,6,2,4
2,22000,1100,2,6,2,2
2,18000,1000,2,6,2,2
2,7000,1000,1,6,2,3
3,16500,1600,1,6,2,3
3,13000,1550,2,6,1,3
1,6000,600,1,6,2,1
1,6000,500,1,6,2,1
2,21000,1100,2,6,2,2
3,10000,1000,2,6,2,2
2,12000,1000,1,6,2,2
3,30000,1800,2,6,1,3
2,15000,1300,2,6,2,2
2,10000,1100,1,6,1,2
2,9000,950,1,6,1,2
2,10000,1000,2,6,2,2
2,8000,1200,1,6,1,2
2,8000,550,1,6,1,2
2,8500,1000,2,6,2,2
2,7500,800,1,6,2,2
2,5000,600,1,6,1,1
3,30000,1800,2,6,1,3
1,7500,500,1,6,2,1
2,12000,1000,1,6,1,2
2,15500,1100,1,6,2,2
3,26000,1450,1,6,2,2
1,8000,550,1,6,2,1
2,12000,933,1,6,1,2
3,15000,1100,2,6,2,2
2,10000,1030,1,6,2,2
3,20000,1150,2,6,2,3
2,12500,850,2,6,1,2
2,18000,1000,1,6,1,2
3,21000,1400,2,6,2,3
3,95000,2700,2,6,2,3
3,26000,1700,2,6,2,3
3,53000,1742,1,6,2,2
2,13000,1000,1,6,1,2
2,12000,1440,1,6,2,2
3,28000,1600,1,6,2,3
3,57000,1838,1,6,1,3
2,10000,1200,1,6,1,2
3,21467,200,1,6,1,1
1,32000,1050,2,6,2,1
1,7000,400,2,6,1,1
2,30000,1350,1,6,2,2
3,40000,1960,1,6,1,3
1,9000,800,1,6,1,1
2,15000,1000,1,6,1,2
2,18000,1100,1,6,1,2
3,25000,1480,1,6,2,3
1,8500,700,2,6,1,1
3,20000,1500,1,6,2,2
2,12000,1000,1,6,2,2
2,12500,900,1,6,2,2
3,25000,1250,1,6,2,2
2,10000,1100,1,6,1,3
3,18000,1300,1,6,2,2
3,12000,1275,2,6,1,2
3,13000,1265,1,6,2,3
1,13000,700,2,6,1,1
2,25000,1150,1,6,2,2
2,9000,850,2,6,2,2
2,10000,1285,1,6,2,2
3,15000,2000,1,6,2,3
2,20000,1000,1,6,2,3
1,13500,700,1,6,2,1
3,21000,1100,1,6,2,2
2,10000,1000,1,6,2,2
2,10000,800,1,6,1,2
2,10000,1400,1,6,2,2
2,24000,1350,2,6,2,2
2,13000,1100,1,6,2,2
2,8000,840,1,6,1,2
2,55000,1325,1,6,2,2
3,32000,1250,2,6,2,3
3,22000,1500,1,6,2,3
2,8500,1050,2,6,1,2
3,12000,1200,1,6,2,2
3,15000,1500,2,6,2,3
1,3000,100,1,6,2,1
3,52000,1742,1,6,2,3
2,9500,650,2,6,1,2
3,46000,2235,2,6,1,5
2,12000,1000,1,6,2,2
2,8000,175,1,6,2,2
2,9000,160,1,6,1,2
2,10000,1200,1,6,2,2
2,39000,1283,1,6,1,2
1,9000,600,1,6,2,1
4,120000,3455,1,6,2,4
3,25000,1500,2,6,2,3
1,14000,540,2,6,1,1
1,6000,500,1,6,1,1
2,15000,1100,1,6,1,2
2,8000,1350,2,6,1,2
1,6000,400,1,6,1,1
2,10000,120,1,6,2,2
3,35000,3050,1,6,2,3
2,16000,400,1,6,1,3
2,14000,800,1,6,2,2
2,10000,90,1,6,1,1
1,7000,500,1,6,1,1
2,8000,1150,1,6,1,2
3,22000,1700,1,6,2,2
2,12000,1000,1,6,1,2
3,10000,1100,2,6,2,1
3,15000,1360,1,6,2,3
1,6500,400,1,6,1,1
2,25000,1150,1,6,1,2
2,12000,700,1,6,2,2
1,9000,100,2,6,1,1
2,7000,800,2,6,1,2
2,20000,500,1,6,2,2
2,9000,900,1,6,2,2
3,30000,1500,2,6,2,2
3,15500,1600,1,6,2,3
2,10500,1300,1,6,1,2
3,16000,1305,1,6,2,2
1,6000,400,1,6,1,1
2,15000,600,1,6,2,2
2,21000,1130,1,6,1,2
4,400000,7000,2,6,2,6
1,9000,890,2,6,2,1
3,30000,1606,1,6,2,3
1,6500,650,1,6,1,1
2,6000,600,1,6,1,1
2,45000,1350,2,6,2,2
2,15000,1050,1,6,1,2
2,16000,1600,1,6,1,3
3,22000,1840,1,6,2,3
2,12000,1100,1,6,1,2
2,13000,800,1,6,2,2
2,10000,800,1,6,1,2
2,15000,1100,1,6,2,2
3,15000,2000,1,6,2,3
1,9000,750,1,6,1,1
3,20000,1650,1,6,2,2
2,6500,600,1,6,1,2
3,45000,2352,2,6,2,4
3,42000,2671,2,6,2,3
2,12000,550,1,6,1,2
3,24000,1700,1,6,2,4
2,16000,1050,2,6,2,2
2,15000,800,1,6,2,2
2,15000,1000,1,6,2,2
2,8000,1100,1,6,1,2
1,6500,160,1,6,1,1
2,22000,1230,1,6,2,2
1,6200,500,1,6,1,1
1,9000,300,1,6,2,1
2,9000,1156,2,6,1,2
2,15000,1100,1,6,2,2
2,15000,1250,2,6,2,2
3,15000,900,1,6,2,3
1,6800,650,1,6,1,1
1,5000,350,1,6,1,1
2,12000,1500,1,6,2,2
2,12000,100,1,6,2,2
2,12000,900,1,6,2,2
2,18000,990,1,6,2,2
3,25000,1700,1,6,2,3
2,15000,900,1,6,2,2
3,23000,1700,1,6,2,3
2,10500,1050,1,6,1,2
3,37000,1550,1,6,2,3
2,16000,1050,2,6,2,2
3,25000,1600,1,6,2,3
2,14000,1250,1,6,1,2
2,10000,700,1,6,2,1
2,12500,1100,1,6,2,2
2,15000,850,1,6,2,1
3,35000,1700,2,6,2,3
3,30000,1800,2,6,2,3
1,8000,520,1,6,2,1
2,7000,800,1,6,1,2
1,5500,67,1,6,2,1
1,5000,500,1,6,1,1
2,8500,1060,1,6,2,2
2,8000,900,1,6,2,1
2,16000,1650,1,6,2,1
2,7500,800,1,6,2,2
3,8000,1100,2,6,2,1
2,45000,1492,1,6,2,2
3,9000,1100,2,6,2,1
4,60000,2990,1,6,2,3
3,70000,2780,1,6,2,3
2,9000,1100,2,6,1,2
2,11000,90,1,6,2,2
2,5800,760,1,6,1,2
1,9000,600,1,6,2,1
2,18000,940,1,6,2,2
3,45000,1742,2,6,2,3
3,55000,2000,2,6,2,3
1,9500,800,1,6,2,1
3,35000,1800,1,6,2,3
2,7500,1350,1,6,1,2
3,25000,1685,1,6,2,3
2,12500,1250,1,6,1,3
3,22000,1800,2,6,2,3
2,7500,853,1,6,2,2
3,42000,2000,2,6,2,3
1,8000,800,1,6,2,1
2,20000,1200,1,6,2,1
2,19000,1100,2,6,2,2
1,14000,550,2,6,1,1
4,200000,4761,2,6,2,6
2,18500,920,2,6,2,2
3,38000,1400,2,6,2,2
3,67000,2310,1,6,2,3
2,5000,650,1,6,1,2
1,25000,700,2,6,2,2
1,7000,300,1,6,1,1
4,10000,100,1,6,1,2
2,25000,1050,2,6,2,2
2,11000,1125,1,6,1,2
4,17000,1600,1,6,1,4
3,47000,2400,1,6,2,3
2,10000,650,1,6,1,2
1,7500,1000,1,6,1,1
2,10000,900,1,6,2,2
2,11000,1250,1,6,2,3
2,21000,1020,1,6,2,2
3,15000,1270,2,6,2,2
1,7500,600,1,6,1,1
1,6500,500,2,6,1,1
2,7500,800,1,6,2,2
3,15000,1500,1,6,1,2
2,11000,1200,1,6,2,2
3,23000,1900,2,6,2,3
2,11000,950,1,6,1,2
1,8000,300,1,6,2,1
2,13000,1250,1,6,1,2
2,17000,1200,1,6,1,2
2,16000,1100,1,6,2,2
2,12000,1100,1,6,2,2
2,20000,1500,1,6,2,2
3,18000,1400,1,6,2,2
3,50000,1742,2,6,2,3
2,23000,1250,2,6,2,2
1,16500,650,1,6,2,1
3,25000,1545,1,6,2,2
1,13000,700,2,6,1,2
2,12000,1600,1,6,1,2
3,37000,1700,1,6,2,3
2,6500,920,1,6,1,2
2,13000,1115,2,6,1,2
3,17500,1000,2,6,2,2
2,15000,1200,1,6,1,2
1,4000,500,1,6,1,1
3,15000,1850,1,6,2,2
1,9000,600,1,6,1,2
2,13000,200,2,6,1,2
3,25000,1500,1,6,2,3
3,37000,2100,1,6,2,3
3,25000,1250,1,6,2,3
1,13000,800,1,6,2,1
3,20000,1450,1,6,1,2
3,37000,1960,1,6,2,3
3,40000,1965,1,6,2,3
3,45000,1834,1,6,2,3
3,44000,1834,1,6,2,3
2,15000,1150,1,6,1,2
3,37000,1800,1,6,2,3
2,12000,1000,1,6,2,2
2,8000,1200,1,6,1,2
3,30000,2000,1,6,1,5
1,12000,700,1,6,2,1
1,6000,400,1,6,1,1
2,9500,1250,1,6,2,2
1,10000,500,1,6,1,1
3,16000,1550,1,6,1,3
2,20000,1000,1,6,1,2
2,10000,1200,2,6,1,2
2,13000,1200,2,6,1,2
2,17000,1200,2,6,2,2
2,15000,1800,1,6,2,2
2,10000,1100,1,6,2,2
3,25000,1650,2,6,2,2
3,15000,225,2,6,1,3
1,11000,550,1,6,2,1
1,7500,350,1,6,1,1
2,15000,600,1,6,1,1
1,7500,500,1,6,1,1
2,11000,1100,1,6,1,2
2,15000,1205,1,6,2,2
2,9500,1200,1,6,2,1
1,5000,540,1,6,2,1
3,20000,1800,2,6,2,4
1,8500,500,1,6,1,1
2,9000,1200,1,6,2,2
2,15000,1180,1,6,2,2
2,20000,1000,1,6,1,2
2,11500,675,2,6,1,2
3,13000,1450,1,6,1,2
1,11000,100,1,6,1,1
1,6000,500,2,6,1,1
2,15000,100,1,6,1,2
4,45000,2300,2,6,2,4
1,5000,300,1,6,1,1
1,6000,300,1,6,1,1
1,8000,800,2,6,1,1
2,15000,1280,1,6,1,3
2,10000,110,2,6,1,2
2,9000,920,1,6,2,2
2,16000,2000,1,6,1,2
2,16000,770,1,6,2,2
3,45000,3200,2,6,2,3
2,12000,1500,2,6,1,2
2,14500,1100,1,6,2,2
1,8000,450,1,6,1,1
2,15000,1300,2,6,2,2
1,15500,1000,2,6,2,1
2,8000,900,2,6,2,2
1,7500,400,1,6,1,1
3,15000,10,2,6,2,3
1,5000,450,1,6,1,1
2,10000,1300,1,6,1,2
2,16000,1000,1,6,2,2
2,15000,1300,2,6,2,2
1,6000,350,1,6,2,1
3,32000,1560,1,6,2,3
3,22000,1800,2,6,2,3
1,9000,600,2,6,2,1
2,12000,350,2,6,1,1
2,16000,1100,2,6,2,2
2,13000,1100,1,6,2,2
2,20000,1170,1,6,1,2
1,9000,550,2,6,1,1
2,11000,1000,1,6,1,2
2,12500,1100,1,6,2,2
4,140000,3789,2,6,2,5
3,65000,2700,2,6,2,3
3,60000,2170,2,6,2,3
2,26000,1160,1,6,2,2
2,8000,800,1,6,2,2
2,14000,1200,1,6,1,2
3,15000,1422,1,6,2,3
2,15000,1200,1,6,2,2
2,7000,1200,1,6,1,2
2,16000,1080,2,6,2,2
2,17000,1050,2,6,2,2
2,18000,1100,2,6,2,2
2,20000,700,1,6,1,2
2,18000,1150,1,6,2,2
2,19000,1124,1,6,2,2
1,7000,650,1,6,2,1
2,10000,1125,2,6,1,2
2,9000,850,1,6,2,2
2,30000,1140,1,6,2,2
2,20000,1350,1,6,2,2
1,6500,600,1,6,1,1
2,9000,1050,1,6,1,2
3,20000,1100,1,6,2,3
2,8000,1200,1,6,2,2
3,22000,1450,1,6,2,2
2,17000,1000,1,6,2,2
1,7000,300,1,6,2,1
2,12000,1000,1,6,1,2
3,53000,2300,2,6,2,3
2,11000,900,1,6,1,2
1,7500,650,2,6,2,1
1,7500,850,2,6,2,1
2,12000,1300,1,6,2,2
2,12000,950,1,6,2,2
1,10500,150,2,6,1,1
2,6000,900,2,6,1,2
1,4500,50,1,6,1,1
2,25000,1200,1,6,1,2
2,13000,1350,1,6,1,2
1,6000,400,1,6,1,1
2,12500,800,1,6,1,2
3,26000,1450,1,6,2,2
3,60000,2405,1,6,2,3
3,35000,2500,1,6,1,2
4,16000,1000,1,6,2,2
2,12000,1200,1,6,1,2
4,110000,3250,2,6,2,5
3,20000,1600,2,6,2,3
2,12000,980,1,6,1,2
3,25000,1600,1,6,2,3
2,17000,1000,1,6,2,2
1,5500,40,1,6,1,1
1,8000,850,1,6,1,1
2,17000,840,1,6,2,2
2,15000,600,2,6,1,1
1,9000,650,1,6,2,1
2,16000,1100,1,6,2,2
3,30000,214,1,6,2,4
3,30000,1700,1,6,2,3
2,13000,1500,2,6,1,2
2,8000,600,1,6,1,2
2,13000,950,1,6,1,2
2,7000,900,1,6,1,1
1,5000,500,2,6,2,1
3,18000,1450,2,6,2,3
3,35000,1250,1,6,2,2
3,15000,1500,1,6,2,3
3,15000,1500,1,6,2,3
2,17000,855,2,6,1,2
2,25000,1040,2,6,1,2
2,12000,1350,1,6,1,2
2,15000,1000,2,6,2,2
3,29000,2000,1,6,2,3
3,35000,1750,2,6,2,3
3,45000,1500,2,6,2,2
2,15000,1000,2,6,1,2
